20.0 # 80.0 # 0.0 # 1.5 # 2	tf	agg_coef	max_entropy	min_entropy	left_entropy	right_entropy
望着	6429	88.62492	5.76639	3.29693	3.29693	5.76639
让得	3282	158.42311	6.05628	5.00367	5.00367	6.05628
薰儿	2655	1075.93292	7.36769	4.51719	4.51719	7.36769
等人	2225	115.64243	6.58301	5.25368	5.25368	6.58301
炼药师	2011	1434.44947	5.70378	5.21238	5.70378	5.21238
盯着	1620	95.54733	5.73287	3.40279	3.40279	5.73287
脸庞上	1601	139.93660	4.99613	4.53856	4.99613	4.53856
天空上	1383	151.95689	4.15316	3.98112	4.15316	3.98112
瞧得	1221	221.02698	6.17956	3.80053	3.80053	6.17956
不知道	1217	136.84007	7.17930	4.82474	4.82474	7.17930
今曰	1162	789.58121	6.29225	3.81237	3.81237	6.29225
略微有些	977	170.57313	7.90198	5.99135	5.99135	7.90198
海波东	964	2441.88382	6.54657	4.26189	4.26189	6.54657
不可能	948	262.75909	6.60016	4.68069	4.68069	6.60016
曰后	927	136.89882	6.12798	3.93988	3.93988	6.12798
灵魂力量	927	351.64736	5.96322	4.66934	4.66934	5.96322
加玛帝国	919	1892.04722	5.86381	5.65998	5.65998	5.86381
纳兰嫣然	881	2016.11251	7.21520	4.36805	4.36805	7.21520
并没有	868	197.49401	7.48791	5.03779	5.03779	7.48791
感觉到	865	243.88611	5.36146	4.61834	4.61834	5.36146
章 	846	1917.97647	9.09531	6.75345	6.75345	9.09531
小医仙	844	1443.15544	6.06024	3.63423	3.63423	6.06024
药老	840	1442.33206	6.40883	3.73873	3.73873	6.40883
黑角域	828	3570.56181	5.40360	5.27723	5.27723	5.40360
并不	729	107.15325	6.45662	5.58464	5.58464	6.45662
嘴中	683	197.27510	5.59472	5.34152	5.34152	5.59472
陨落心炎	645	3626.92824	5.74520	5.66723	5.66723	5.74520
隐隐间	624	381.45211	4.12593	2.98861	2.98861	4.12593
伴随着	624	97.26617	6.73173	3.09426	3.09426	6.73173
美杜莎女王	615	1795.87082	6.62821	4.68963	4.68963	6.62821
闪电般的	608	764.94038	6.49368	4.84384	4.84384	6.49368
迦南学院	603	3563.37648	5.72228	5.67558	5.67558	5.72228
暴射而	601	164.78468	6.59042	1.77256	6.59042	1.77256
望向	594	188.82109	6.02721	3.79357	3.79357	6.02721
魂殿	590	1437.35289	5.93661	3.63197	3.63197	5.93661
面对着	571	85.80700	6.64752	3.21301	3.21301	6.64752
还能	553	89.65245	7.06358	5.27623	5.27623	7.06358
感受到	549	293.08863	5.22701	4.68847	4.68847	5.22701
斗宗强者	536	331.89668	4.74564	4.38321	4.74564	4.38321
妖傀	523	2379.72561	5.07744	1.57817	1.57817	5.07744
青色火焰	508	328.68609	5.10238	3.88529	3.88529	5.10238
天火尊者	507	1406.60693	6.52358	4.16685	4.16685	6.52358
掠过一抹	504	623.24428	6.43508	3.20544	3.20544	6.43508
没有丝毫	503	225.07274	4.88528	4.10691	4.88528	4.10691
暴掠而	499	178.51477	6.63750	2.12451	6.63750	2.12451
涌上	493	217.83808	4.60623	4.11497	4.60623	4.11497
浮现一抹	485	342.93638	6.49896	3.86694	3.86694	6.49896
净莲妖火	479	3532.67408	5.34702	5.08771	5.08771	5.34702
略有些	478	296.69389	7.52689	5.71884	5.71884	7.52689
体内斗气	477	97.08573	6.06925	4.27638	4.27638	6.06925
还真是	467	208.53600	7.15359	4.39468	4.39468	7.15359
喃喃道	466	158.93895	3.22547	1.51159	3.22547	1.51159
扫过	453	398.99781	3.95722	2.68467	3.95722	2.68467
闪掠而	447	123.28020	6.24071	2.73279	6.24071	2.73279
风尊者	438	1742.43001	6.36705	3.96189	3.96189	6.36705
却并未	435	234.96654	6.55681	3.98152	3.98152	6.55681
突然间	431	119.63194	6.39045	4.37458	4.37458	6.39045
魂天帝	430	1993.74755	6.40545	4.12174	4.12174	6.40545
星陨阁	428	5509.65716	5.39454	5.33918	5.39454	5.33918
之处	423	119.59201	7.30909	1.84759	7.30909	1.84759
斗皇强者	422	271.26683	4.59118	4.29729	4.59118	4.29729
内院	409	1399.72598	5.81774	5.60793	5.60793	5.81774
摘星老鬼	406	5684.18560	5.91570	4.68615	4.68615	5.91570
待得	404	192.69275	6.89326	1.60551	1.60551	6.89326
米特尔	393	7200.18281	5.34185	1.82290	5.34185	1.82290
这么多年	387	1847.73705	4.86815	3.25363	4.86815	3.25363
吞天蟒	387	5427.24199	5.21919	4.11253	4.11253	5.21919
带起	385	403.89797	5.57258	3.90375	3.90375	5.57258
黑袍人	385	91.94486	5.43948	4.22388	4.22388	5.43948
这些年	383	618.28855	4.88248	4.62877	4.62877	4.88248
化为一道	377	173.86286	5.97834	3.67370	3.67370	5.97834
斗气大陆	371	297.14118	4.68458	4.21558	4.68458	4.21558
目光转向	366	182.81639	5.83292	3.78342	3.78342	5.83292
爆发出	356	205.46531	5.15816	4.53889	4.53889	5.15816
风雷阁	356	4009.62498	5.64586	5.36397	5.64586	5.36397
这个家伙	351	172.57138	5.05513	3.85151	3.85151	5.05513
碧绿火焰	350	446.33803	5.53451	4.36985	4.36985	5.53451
地面上	342	94.32127	4.23208	3.71969	3.71969	4.23208
却依然	340	281.73888	3.78978	3.08313	3.08313	3.78978
脸颊上	329	105.26987	4.62338	4.22222	4.62338	4.22222
妖暝	318	2438.87749	6.34164	4.46268	4.46268	6.34164
斗尊强者	311	256.21246	4.56567	4.50203	4.56567	4.50203
一行人	309	229.90689	5.20957	4.04178	4.04178	5.20957
闪过一抹	304	500.47520	6.10178	3.54331	3.54331	6.10178
走吧	303	129.62867	2.19090	1.51909	2.19090	1.51909
没有半点	303	281.51672	5.37053	5.01070	5.01070	5.37053
这段时间	302	149.40623	4.34804	3.99974	3.99974	4.34804
云棱	300	7106.37940	6.01957	3.64850	3.64850	6.01957
偏过头	295	7781.58451	3.92656	1.56111	3.92656	1.56111
虚无吞炎	288	3920.81736	5.60912	4.63819	4.63819	5.60912
天妖凰族	287	2060.42103	5.20629	4.76287	5.20629	4.76287
玄空子	280	5589.00509	5.76741	3.56625	3.56625	5.76741
弥漫而出	279	258.95520	4.72650	1.57458	4.72650	1.57458
还未	277	261.17760	6.05120	5.97095	6.05120	5.97095
黑袍青年	277	772.24923	3.90370	2.52535	2.52535	3.90370
这种时候	275	157.14530	2.89667	2.53861	2.89667	2.53861
却并	273	103.43265	3.46557	3.13043	3.46557	3.13043
星斗圣	273	2075.34393	3.65869	2.87398	2.87398	3.65869
厄难毒体	266	8468.32868	5.04253	4.31703	5.04253	4.31703
斗王强者	262	304.72176	4.70039	4.64205	4.64205	4.70039
目光注视	257	91.10620	4.23578	1.71138	4.23578	1.71138
听得	256	83.49954	5.95468	3.30691	3.30691	5.95468
岩枭	256	9380.55271	4.03946	3.86905	4.03946	3.86905
这些家伙	254	95.92860	5.20013	4.62208	4.62208	5.20013
林修崖	253	9259.22674	5.79327	4.30366	4.30366	5.79327
所有人都	252	92.18341	3.88733	2.22979	3.88733	2.22979
天火三玄变	250	4136.58961	4.20879	3.98102	3.98102	4.20879
菩提古树	247	4891.49317	5.18559	4.84350	4.84350	5.18559
怎么可能	247	531.95856	5.18462	3.72545	3.72545	5.18462
感应到	247	238.73708	4.60650	4.31776	4.31776	4.60650
慕骨老人	246	2878.98356	5.80013	4.36683	4.36683	5.80013
若琳导师	245	7327.67080	6.41764	3.50012	3.50012	6.41764
噙着	244	92.42874	4.81653	4.56447	4.81653	4.56447
还真	240	215.24318	5.27069	4.46810	4.46810	5.27069
冰河谷	238	8631.90786	5.43387	4.56981	5.43387	4.56981
大厅中	238	91.91101	4.14569	3.93347	3.93347	4.14569
无数道目光	234	189.63334	3.15267	2.99908	2.99908	3.15267
其身后	233	105.73003	2.71472	1.97202	1.97202	2.71472
纳兰桀	230	2347.95463	6.05904	3.40437	3.40437	6.05904
炼药术	229	4854.34949	4.61021	4.51676	4.51676	4.61021
星斗尊	226	2536.46696	3.51719	2.83101	2.83101	3.51719
一股股	226	676.66713	6.14435	1.90871	1.90871	6.14435
蛇人	226	90.58262	5.42832	4.79531	4.79531	5.42832
目光投向	223	230.24543	5.47466	1.56479	1.56479	5.47466
鹜护法	223	4916.20849	5.94912	4.43718	4.43718	5.94912
一口鲜血	223	959.53232	4.05039	3.49360	3.49360	4.05039
每一次	222	764.00896	5.30199	3.31283	3.31283	5.30199
尚还	218	383.28204	5.17317	5.09137	5.17317	5.09137
天府联盟	217	4001.08109	5.09327	4.89367	5.09327	4.89367
大多都	215	201.39646	2.85727	2.30387	2.85727	2.30387
嗤嗤	215	1006.15230	3.54534	2.47177	3.54534	2.47177
能量波动	213	115.52542	3.55634	2.60213	2.60213	3.55634
太虚古龙	211	8838.28085	4.91585	3.23303	4.91585	3.23303
俏脸	209	4322.34320	4.89713	4.05815	4.05815	4.89713
魔兽山脉	203	545.37108	4.84474	4.46046	4.46046	4.84474
当曰	201	117.77249	5.65400	5.13173	5.13173	5.65400
就如同	198	83.25755	6.16246	2.19835	2.19835	6.16246
玄重尺	198	1641.51749	4.48176	2.21691	2.21691	4.48176
有丝毫	193	81.10774	3.67828	2.81764	3.67828	2.81764
凝聚成	193	597.93133	5.05849	4.79458	5.05849	4.79458
修炼室	192	1131.73924	4.96049	4.60955	4.96049	4.60955
石台上	192	95.55232	4.80937	2.96688	4.80937	2.96688
身体表面	191	281.75919	4.25575	4.12270	4.25575	4.12270
斗圣强者	191	209.80313	4.52090	4.23842	4.52090	4.23842
并不是	190	103.26281	5.90920	4.58762	4.58762	5.90920
广场之上	190	86.41460	3.62560	3.44922	3.44922	3.62560
平曰	189	733.59357	5.57510	4.45158	4.45158	5.57510
以一种	188	140.53093	5.25673	3.73304	3.73304	5.25673
掌心中	185	405.24400	4.46743	3.50570	3.50570	4.46743
这片天地	184	638.05222	3.54398	3.48144	3.54398	3.48144
药师公会	182	935.62141	4.88563	1.69978	1.69978	4.88563
六星斗	182	2674.88773	5.08986	2.78235	5.08986	2.78235
灵魂体	181	451.41355	4.89689	4.40145	4.89689	4.40145
自其体内	181	546.75135	4.33044	3.09977	4.33044	3.09977
空间裂缝	179	273.76652	4.10464	4.05080	4.10464	4.05080
青鳞	179	2353.33074	4.92906	3.36268	3.36268	4.92906
年轻一辈	179	4927.37141	4.83532	3.44735	4.83532	3.44735
加列家族	178	1265.29499	5.00918	4.99580	5.00918	4.99580
冷哼	177	1711.20648	4.13152	2.31036	4.13152	2.31036
飞掠而	177	94.44164	6.15432	1.79446	6.15432	1.79446
火属姓	176	3515.18165	3.24678	2.39162	3.24678	2.39162
药鼎之内	176	337.55553	4.01309	2.91953	4.01309	2.91953
破风声	172	5799.56309	3.60461	3.51099	3.51099	3.60461
必然会	171	168.91684	5.85583	3.48866	3.48866	5.85583
越来越多	170	295.89048	4.17809	1.55302	4.17809	1.55302
天地能量	170	141.64731	4.32165	3.53831	3.53831	4.32165
古青阳	168	6628.87409	4.78853	3.13958	3.13958	4.78853
无形火焰	167	171.80793	4.74599	4.48212	4.48212	4.74599
在内院	167	3272.69407	5.93939	5.25276	5.93939	5.25276
九天尊	166	2403.79562	5.60726	4.24596	4.24596	5.60726
鹰山老人	165	2954.00934	5.55335	4.44018	4.44018	5.55335
雷尊者	165	1330.12847	5.61348	3.90848	3.90848	5.61348
加列毕	164	7814.03943	5.75921	3.47383	3.47383	5.75921
多说	164	85.38657	3.52976	2.18721	3.52976	2.18721
炼制丹药	164	130.93312	5.99443	3.23497	5.99443	3.23497
出云帝国	163	1971.81701	4.96750	4.93596	4.96750	4.93596
搞得	162	139.36232	6.38095	5.50398	6.38095	5.50398
加刑天	161	1724.21647	5.57403	3.70760	3.70760	5.57403
很多人	161	116.82784	3.98887	3.74235	3.98887	3.74235
几曰	161	512.42869	4.24857	3.77026	3.77026	4.24857
还真的	160	86.44655	5.18487	4.12455	4.12455	5.18487
额头上	160	109.06249	4.01792	2.52206	4.01792	2.52206
药鼎之中	159	102.15547	4.43918	2.63818	4.43918	2.63818
虚无空间	159	196.59919	4.29646	4.01195	4.29646	4.01195
并不能	158	164.29641	6.39876	4.56530	4.56530	6.39876
郝长老	156	1019.40206	6.38406	4.19903	4.19903	6.38406
小公主	156	1194.13024	5.49342	3.71825	3.71825	5.49342
星斗宗	154	2583.19007	3.47112	2.98630	2.98630	3.47112
根本就	154	181.95208	4.10891	3.18118	3.18118	4.10891
散发而出	153	359.45696	4.55005	1.57713	4.55005	1.57713
三千雷动	153	3482.63172	4.27502	3.85883	3.85883	4.27502
一星斗	151	88.53491	4.76583	2.52074	4.76583	2.52074
骨灵冷火	151	17267.84454	4.73910	4.39087	4.39087	4.73910
紫色火焰	151	207.23086	3.86628	3.83068	3.83068	3.86628
雄浑斗气	150	203.31036	4.26192	3.72869	3.72869	4.26192
修炼状态	150	318.69651	2.82447	2.68986	2.68986	2.82447
或许是因为	148	521.34889	6.42737	2.60634	2.60634	6.42737
听说过	148	604.09296	4.51376	4.28765	4.28765	4.51376
能量罩	147	400.14270	4.24017	4.06110	4.24017	4.06110
那枚	147	89.49021	6.17917	2.50855	2.50855	6.17917
高台上	146	2555.71532	3.83383	2.76423	3.83383	2.76423
灵魂感知力	146	813.65899	4.20231	3.60754	3.60754	4.20231
周围那些	146	87.80321	6.66565	3.86883	3.86883	6.66565
四星斗	146	1559.22388	4.98368	2.98233	4.98368	2.98233
铁护法	145	4022.73521	5.40958	3.92590	3.92590	5.40958
彩鳞	145	6998.57907	4.79118	3.19692	3.19692	4.79118
眉头微微	145	91.57132	3.57914	1.91078	3.57914	1.91078
掠而	145	108.49937	2.72895	2.70566	2.70566	2.72895
八星斗	145	2445.51526	4.94168	2.49372	4.94168	2.49372
眨眼间	144	370.58453	2.70225	1.67410	2.70225	1.67410
什么时候	142	99.04651	5.84185	4.96622	4.96622	5.84185
弥漫而开	142	410.24798	5.41472	1.53383	5.41472	1.53383
磐门	142	10395.66765	4.87530	4.04770	4.04770	4.87530
青灵丹	142	2311.87236	3.44763	3.02683	3.02683	3.44763
九星斗	139	825.02084	4.92382	2.78955	4.92382	2.78955
族中	139	97.19626	5.49019	5.11484	5.11484	5.49019
艹控	139	9295.77530	4.73751	4.67889	4.73751	4.67889
能量体	138	276.02582	3.82629	3.73937	3.82629	3.73937
白发老者	137	950.95776	5.41483	3.65787	3.65787	5.41483
接触到	136	136.05459	5.87131	4.09666	4.09666	5.87131
三位长老	136	397.77932	5.03083	4.11067	4.11067	5.03083
魂殿殿主	136	1391.71450	5.37471	3.02659	3.02659	5.37471
一道黑影	135	169.69132	4.24224	1.91125	1.91125	4.24224
古妖	135	758.63701	5.32530	4.37428	4.37428	5.32530
足以让	134	119.98923	3.54893	2.68751	3.54893	2.68751
一跺	134	411.58151	2.25430	1.81767	2.25430	1.81767
却依旧	134	151.72930	4.24679	2.74439	2.74439	4.24679
巅峰强者	134	95.09168	3.93210	3.74409	3.93210	3.74409
岂不是	133	1320.78363	5.98587	3.01800	3.01800	5.98587
房间之中	133	100.42965	3.27210	2.23661	3.27210	2.23661
云岚宗弟子	133	515.72660	4.93494	3.84991	3.84991	4.93494
这么多	133	172.11211	5.22443	4.92100	5.22443	4.92100
每一个	133	168.97947	4.21870	4.18098	4.21870	4.18098
之法	133	515.22042	3.95152	1.86099	3.95152	1.86099
能量涟漪	133	258.17965	4.19134	3.41431	3.41431	4.19134
紫云翼	132	8503.24538	4.95118	3.70147	3.70147	4.95118
两曰	132	334.49671	4.09634	3.80393	3.80393	4.09634
抹去	131	235.30760	4.49298	2.44100	4.49298	2.44100
算做	131	1308.87981	5.62096	1.82504	1.82504	5.62096
别的强者	129	139.29781	3.62205	2.06547	3.62205	2.06547
修炼天赋	128	329.18027	4.19251	3.82459	3.82459	4.19251
魔炎谷	128	4448.17876	5.31416	3.78764	3.78764	5.31416
突破到	128	120.85510	5.47884	4.03412	5.47884	4.03412
两道身影	128	397.58764	4.75482	2.95625	2.95625	4.75482
二星斗	128	1168.81758	4.90913	2.71409	4.90913	2.71409
这片空间	127	119.44539	3.92061	3.76536	3.92061	3.76536
还不待	126	399.54516	3.60874	1.74639	1.74639	3.60874
眉头紧皱	126	1915.48265	3.65128	1.73977	3.65128	1.73977
北龙王	126	9195.37001	4.80814	3.45854	3.45854	4.80814
涌现一抹	125	242.90275	5.65043	3.84039	3.84039	5.65043
加列奥	125	13187.16051	5.19262	3.13586	3.13586	5.19262
太多	124	277.05520	4.19069	2.81273	4.19069	2.81273
半个小时	124	3419.58074	3.34841	2.91178	3.34841	2.91178
没有任何	124	110.81928	4.47169	4.13420	4.13420	4.47169
简直就是	124	1178.76458	6.48138	1.74367	1.74367	6.48138
出声	124	114.40203	5.24530	3.10106	5.24530	3.10106
好半晌	123	219.24920	1.68271	1.57657	1.57657	1.68271
脑海之中	123	366.01482	4.03380	3.59855	4.03380	3.59855
有资格	122	136.10239	5.16626	4.26082	4.26082	5.16626
自其中	122	184.71641	4.99746	4.43350	4.43350	4.99746
眉心处	121	882.36411	3.81197	2.77196	3.81197	2.77196
有机会	121	138.49294	4.03644	3.92794	3.92794	4.03644
缓缓睁开	120	235.60954	3.56333	2.33998	3.56333	2.33998
天山血潭	120	15632.75583	4.99519	4.61529	4.61529	4.99519
一踏	120	266.94981	3.15884	1.95668	3.15884	1.95668
收入纳戒	119	2418.09063	4.92730	1.81527	4.92730	1.81527
心中闪过	119	126.19448	3.13653	2.29204	2.29204	3.13653
这种地步	118	112.25048	2.32566	2.09208	2.09208	2.32566
鬼魅般的	117	556.62404	3.38745	2.97127	2.97127	3.38745
推荐票	117	16984.11075	3.33659	2.78213	3.33659	2.78213
早已经	116	281.47526	5.69486	4.54789	4.54789	5.69486
本就	116	267.01117	6.10381	5.06118	5.06118	6.10381
手指轻轻	115	293.04163	3.17233	2.81981	2.81981	3.17233
定然会	115	137.14415	5.97351	3.44043	3.44043	5.97351
更多	115	228.75567	4.42670	1.50024	4.42670	1.50024
血脉之力	115	613.26672	4.30172	3.97995	3.97995	4.30172
疗伤药	114	1447.18317	4.72940	3.61391	4.72940	3.61391
纳戒之中	113	81.51697	3.54819	1.82630	3.54819	1.82630
自体内	113	89.82684	3.94377	2.91722	3.94377	2.91722
这种情况	113	129.14486	3.37596	1.97418	3.37596	1.97418
略微沉吟	113	201.11163	2.64895	1.66829	2.64895	1.66829
不是寻常	112	234.31165	4.41497	3.83117	4.41497	3.83117
异火榜	112	925.66560	3.24305	2.77864	3.24305	2.77864
被称为	112	243.00856	6.53039	3.72552	3.72552	6.53039
心中念头	112	140.19252	3.93277	3.16329	3.16329	3.93277
眼瞳之中	112	82.37208	3.44443	2.51727	3.44443	2.51727
斗皇巅峰	111	490.54621	4.54713	3.04914	4.54713	3.04914
显得格外	111	1995.55409	3.41753	2.13200	3.41753	2.13200
低喝	111	2163.88076	2.21071	2.00930	2.00930	2.21071
两种异火	111	454.88845	4.69986	3.70352	4.69986	3.70352
岩浆世界	110	1348.34113	3.70162	3.16860	3.70162	3.16860
有些不太	110	223.13152	4.86611	4.36366	4.86611	4.36366
并不想	110	308.02278	5.55338	4.24467	4.24467	5.55338
未曾料到	110	1573.13730	3.07257	1.64043	3.07257	1.64043
一句话	110	1745.05743	4.53518	3.15474	4.53518	3.15474
微眯着	110	6322.86900	2.94564	1.98098	2.94564	1.98098
空间通道	110	227.82013	4.09893	3.58652	4.09893	3.58652
其周身	108	133.11462	3.87923	2.58501	2.58501	3.87923
对碰	108	185.57735	4.51990	2.51095	4.51990	2.51095
闪掠	108	7613.96175	2.65025	1.56379	2.65025	1.56379
白色火焰	108	141.84611	4.07469	3.89498	3.89498	4.07469
金银二老	107	15987.12909	5.09921	3.61208	3.61208	5.09921
月媚	107	5780.71506	4.88838	3.42167	3.42167	4.88838
发出一道	107	126.40930	5.56471	4.54225	4.54225	5.56471
仅有	106	506.92906	5.59417	5.35719	5.35719	5.59417
暴冲而	106	145.31760	5.44026	2.08954	5.44026	2.08954
二长老	106	323.79278	5.37103	3.99566	3.99566	5.37103
净莲妖	106	441.16214	4.61984	2.88703	4.61984	2.88703
无形火蟒	105	3766.67722	4.55289	3.57837	3.57837	4.55289
寻找到	105	122.65658	5.52346	5.04567	5.52346	5.04567
面色阴沉	104	272.74951	4.89308	1.62196	4.89308	1.62196
远古种族	104	2366.26447	3.94123	3.54950	3.94123	3.54950
修炼速度	104	83.91505	3.17873	2.68262	3.17873	2.68262
纳兰家族	104	219.93962	5.08396	4.19249	5.08396	4.19249
看台上	104	318.91635	3.57037	3.55141	3.57037	3.55141
毁灭火莲	104	1178.01599	4.22573	3.85524	4.22573	3.85524
没有理会	104	158.13593	5.15428	3.90690	3.90690	5.15428
耳中	103	296.68244	4.04620	1.70498	4.04620	1.70498
俏脸上	103	2623.24028	4.40379	3.64526	3.64526	4.40379
天阶斗技	103	1567.26726	4.59111	3.11898	4.59111	3.11898
灵魂之力	103	91.07854	3.68353	3.60656	3.68353	3.60656
星斗者	103	722.50027	3.36723	3.00356	3.00356	3.36723
曰子	103	522.01760	3.30360	2.75431	3.30360	2.75431
妖花邪君	102	28187.38053	4.55922	4.32425	4.32425	4.55922
星斗皇	102	1896.46813	3.55727	2.85190	2.85190	3.55727
大殿之内	102	255.51513	4.15458	3.37185	3.37185	4.15458
一抹凝重	102	116.10548	2.87343	1.55870	2.87343	1.55870
一名斗皇	102	196.55906	4.42080	1.88210	4.42080	1.88210
族纹	102	4608.79446	4.05785	3.60602	4.05785	3.60602
紫晶源	101	10505.25990	3.60487	3.15253	3.15253	3.60487
坊市	101	24191.80132	4.58516	3.57828	4.58516	3.57828
快若闪电般的	101	765.24792	4.83027	3.63601	3.63601	4.83027
能量风暴	100	143.09639	4.13692	2.60911	2.60911	4.13692
柳长老	100	853.28208	5.50067	3.48994	3.48994	5.50067
仅仅只有	100	440.92838	5.59509	4.98173	4.98173	5.59509
毒蝎龙兽	100	19768.95482	4.91264	2.09829	2.09829	4.91264
森白火焰	99	476.46366	4.39442	3.50371	3.50371	4.39442
提升实力	99	98.29497	5.02995	2.24592	5.02995	2.24592
古龙一族	99	5076.34222	2.65636	1.93631	2.65636	1.93631
狂暴能量	99	156.17147	3.31384	2.81377	3.31384	2.81377
有些诧异	99	101.19159	4.29678	2.06518	4.29678	2.06518
太大	98	217.06514	4.92175	2.21500	4.92175	2.21500
三星斗	98	448.10085	4.46439	2.94416	4.46439	2.94416
蛇人族	98	4306.07052	4.67536	3.53896	3.53896	4.67536
筑基灵液	97	25324.74410	4.46994	3.59749	4.46994	3.59749
辰闲	97	13374.97307	5.19682	3.80685	3.80685	5.19682
一年时间	97	218.18201	4.63260	2.80016	4.63260	2.80016
魔核	97	2610.97487	3.85613	2.30481	2.30481	3.85613
金色火焰	97	128.11723	4.05894	3.69006	3.69006	4.05894
喉咙间	96	224.84904	3.57470	3.17150	3.57470	3.17150
露出一抹	96	214.95394	5.29316	3.78171	3.78171	5.29316
火焰风暴	96	133.31167	3.80990	2.19118	2.19118	3.80990
陀舍古帝	96	11079.26751	4.21287	4.13513	4.13513	4.21287
颇有些	96	91.03179	6.17340	3.88672	3.88672	6.17340
九章 	96	1931.57914	6.49377	4.25795	4.25795	6.49377
站起	96	129.46047	3.88187	1.64791	3.88187	1.64791
烛离长老	96	619.48279	5.47418	3.39809	3.39809	5.47418
蝎毕岩	96	17686.19955	5.40558	4.01734	4.01734	5.40558
便先	95	150.43348	5.06615	3.07486	3.07486	5.06615
非常清楚	95	955.00533	3.78887	3.65547	3.78887	3.65547
灰紫	94	5066.09739	3.56927	3.25972	3.56927	3.25972
胸口处	94	455.44847	4.52942	2.53470	4.52942	2.53470
额头之上	94	130.18234	3.90805	3.26619	3.90805	3.26619
眼中闪过	94	210.38537	3.47497	1.90006	3.47497	1.90006
狼头佣兵团	94	5853.49670	4.38568	4.29731	4.38568	4.29731
抚摸着	94	85.78241	5.65040	3.06603	3.06603	5.65040
石台之上	94	95.04662	3.47380	2.12574	3.47380	2.12574
绝对不会	94	192.86800	5.51039	3.63685	3.63685	5.51039
短时间内	94	1629.58198	4.53496	3.51337	3.51337	4.53496
一个小时	93	177.71050	3.77954	3.28669	3.77954	3.28669
再如何	93	87.90982	6.11852	5.51443	5.51443	6.11852
见过	93	314.86965	5.11706	4.65421	5.11706	4.65421
可是相当	93	319.61716	4.02390	2.21266	2.21266	4.02390
相抗衡	92	5098.31773	4.63100	2.46334	4.63100	2.46334
做什么	92	80.89259	5.88205	4.39176	5.88205	4.39176
一道苍老	92	128.39448	2.43576	2.01019	2.43576	2.01019
妖圣	92	552.65204	4.83988	2.02585	2.02585	4.83988
大厅内	91	236.73313	3.00465	2.90325	2.90325	3.00465
脚尖一点	89	970.87678	2.97635	2.05816	2.05816	2.97635
天北城	89	2155.69596	4.39831	4.05718	4.05718	4.39831
脸色阴沉	89	133.21758	5.20494	1.61569	5.20494	1.61569
风雷北阁	89	5218.71292	5.08894	4.21383	5.08894	4.21383
拿出来	89	289.72611	5.64112	3.95083	5.64112	3.95083
这个名字	89	210.19917	4.31080	2.55639	4.31080	2.55639
吐出	88	107.15636	4.71847	2.77119	4.71847	2.77119
漠铁佣兵团	88	5530.14328	4.19355	4.11835	4.19355	4.11835
漆黑色	88	1924.77467	4.78692	1.75548	4.78692	1.75548
苍老身影	88	296.33285	3.50369	2.72458	2.72458	3.50369
两年时间	88	210.03455	4.30165	2.63211	4.30165	2.63211
火灵蛇	87	5046.44045	3.98556	3.30794	3.30794	3.98556
有些愕然	87	100.10669	3.66487	1.53395	3.66487	1.53395
空间之力	87	84.70990	3.96325	3.77128	3.96325	3.77128
斗气双翼	86	161.53370	3.97578	3.58410	3.58410	3.97578
经脉之中	86	82.76329	3.50488	3.29963	3.29963	3.50488
没办法	86	518.26331	3.62003	2.88407	3.62003	2.88407
嘭嘭	86	388.21565	2.28649	1.89150	2.28649	1.89150
会令得	86	278.27496	5.51343	3.58909	3.58909	5.51343
透着	86	90.87364	3.81059	2.92593	2.92593	3.81059
泛起一抹	86	221.24248	5.31476	4.12570	4.12570	5.31476
斗灵强者	86	187.49591	4.63601	3.62843	4.63601	3.62843
一名身着	86	367.73091	5.32739	2.68341	2.68341	5.32739
三种异火	86	464.34099	4.53858	3.34902	4.53858	3.34902
斗气铠甲	85	469.43452	3.55450	3.40619	3.40619	3.55450
明曰	85	402.58465	4.94893	2.69060	2.69060	4.94893
黑皇宗	85	5620.03965	4.58350	3.26586	3.26586	4.58350
女王陛下	85	3454.81191	5.05130	4.63953	5.05130	4.63953
小心点	85	177.33660	3.24534	1.70247	3.24534	1.70247
森林之中	85	87.57730	3.86931	2.80138	3.86931	2.80138
很难	85	979.63509	5.44616	2.90897	2.90897	5.44616
炼制成功	84	204.01995	5.41102	2.96761	5.41102	2.96761
八品丹药	84	621.35448	3.72366	3.09645	3.72366	3.09645
天目山脉	84	24981.75686	4.76172	4.58071	4.58071	4.76172
微皱着眉头	84	2960.00239	2.93480	2.62448	2.62448	2.93480
却并非	84	89.11738	3.34582	2.89002	3.34582	2.89002
三年时间	84	155.21615	4.13509	2.10891	4.13509	2.10891
不用担心	84	1215.12449	4.50122	2.91928	4.50122	2.91928
林修崖	83	17806.25325	4.11396	2.29088	2.29088	4.11396
手中重尺	83	157.96434	4.93819	1.74284	1.74284	4.93819
斗尊巅峰	83	470.10044	4.44380	2.31044	4.44380	2.31044
狮鹫兽	82	9140.62672	4.90590	4.32616	4.32616	4.90590
一道低沉	82	120.28414	3.28687	2.65928	3.28687	2.65928
帝品雏丹	82	19931.64438	4.34498	3.58408	4.34498	3.58408
尽数包裹	82	327.78163	4.05613	1.84273	4.05613	1.84273
远古遗迹	82	2762.21782	4.40702	4.01225	4.01225	4.40702
一定要	81	262.99173	5.48122	4.19225	4.19225	5.48122
半个月	81	1520.25299	4.09653	3.74383	4.09653	3.74383
斗气匹练	81	361.10860	3.60979	3.52391	3.60979	3.52391
通玄长老	81	972.44391	5.17191	3.04784	3.04784	5.17191
有着几分	81	106.88366	5.79337	4.35024	4.35024	5.79337
斗灵丹	80	2181.62603	4.12208	3.35538	4.12208	3.35538
到极致	80	324.10167	3.60668	1.91279	3.60668	1.91279
比先前	80	97.39015	5.34269	4.31170	4.31170	5.34269
那个家伙	80	121.03196	4.70854	4.54285	4.54285	4.70854
恐怕将会	80	121.24297	5.64031	1.56482	1.56482	5.64031
太古虚龙	79	38843.58537	4.47456	3.93454	4.47456	3.93454
灌注进入	79	575.06204	4.51008	3.93730	3.93730	4.51008
半圣强者	79	158.93931	4.25248	3.82674	4.25248	3.82674
小脸上	79	360.21889	3.81009	3.06202	3.06202	3.81009
经过先前	79	146.56505	2.13760	1.59943	1.59943	2.13760
六品丹药	79	440.71169	3.71952	3.70332	3.71952	3.70332
黑湮军	78	5995.25994	4.34313	3.84990	4.34313	3.84990
盛长老	78	671.10635	5.16298	3.23335	3.23335	5.16298
掀起一抹	78	573.51308	4.46055	3.13444	3.13444	4.46055
地阶斗技	77	1047.00317	4.85854	3.77885	4.85854	3.77885
小时左右	77	1017.14214	2.20494	1.54874	2.20494	1.54874
这片天际	77	214.44782	4.00349	2.88359	2.88359	4.00349
目光扫向	77	213.03994	5.07440	2.67979	2.67979	5.07440
苏千大长老	76	377.78961	4.65111	4.55456	4.55456	4.65111
山洞之中	76	84.04801	2.87338	2.03498	2.87338	2.03498
地魔老鬼	76	5714.26065	5.42872	2.87176	2.87176	5.42872
可不是什么	76	155.46175	4.67451	2.40470	2.40470	4.67451
天地之间	76	323.53690	2.86689	2.40095	2.86689	2.40095
紧随而	76	142.74027	3.79424	1.69184	3.79424	1.69184
凰天	75	1483.78592	4.54929	2.89912	2.89912	4.54929
赤火长老	75	944.33352	5.26916	3.77466	3.77466	5.26916
苏长老	75	737.47951	5.06784	3.30975	3.30975	5.06784
九品玄丹	75	17669.23447	4.26967	3.08904	4.26967	3.08904
一章 	74	1642.95237	6.09114	4.14283	4.14283	6.09114
漆黑眸子	74	336.07984	3.49937	2.71061	2.71061	3.49937
竟然敢	74	137.10591	5.07379	3.68058	3.68058	5.07379
大眼睛	74	120.91196	4.09712	2.84362	2.84362	4.09712
唐火儿	74	22874.89092	5.29358	3.51912	3.51912	5.29358
最令得	74	284.74647	2.77035	2.38185	2.38185	2.77035
紧盯着	74	87.39285	4.61908	3.23034	3.23034	4.61908
中央位置	73	1667.51077	4.76915	2.21259	4.76915	2.21259
九幽黄泉	73	2685.20997	4.11603	4.05917	4.05917	4.11603
并不算	73	500.24570	5.04506	4.32017	4.32017	5.04506
老妖怪	73	1754.83734	4.22933	3.48381	3.48381	4.22933
黄泉天怒	73	6874.13753	4.12316	2.96055	4.12316	2.96055
菩提心	73	1185.96386	4.57629	3.33363	4.57629	3.33363
灰衣老者	73	11459.15440	4.41959	3.66491	3.66491	4.41959
成为一名	73	142.10845	5.13680	3.97862	5.13680	3.97862
八极崩	73	41910.18421	2.57996	2.32062	2.57996	2.32062
天魔蟒	72	3659.07504	4.33762	2.85840	2.85840	4.33762
星斗灵	72	2710.01758	3.34579	2.78350	2.78350	3.34579
不知何时	72	2775.91876	4.22656	3.62203	4.22656	3.62203
炼药大师	71	1366.66397	3.37786	3.27808	3.37786	3.27808
斗帝强者	71	143.34716	4.15384	3.98153	4.15384	3.98153
几道身影	71	456.82643	4.20727	2.52764	2.52764	4.20727
不用再	71	149.23859	4.88682	3.16928	3.16928	4.88682
气旋之中	71	86.56086	3.80138	3.15349	3.80138	3.15349
有些难看	71	84.15700	3.36573	1.96437	3.36573	1.96437
飞行斗技	71	563.66049	4.48105	3.70713	4.48105	3.70713
石漠城	71	19254.77684	4.43115	4.11336	4.43115	4.11336
不要再	70	97.07429	5.45615	3.08882	3.08882	5.45615
站于	70	298.60953	5.26873	3.86340	3.86340	5.26873
要强上	70	197.40845	3.23111	2.60891	3.23111	2.60891
三大家族	70	1931.66281	3.94153	3.78514	3.94153	3.78514
去找	70	89.11223	5.21859	5.04573	5.04573	5.21859
房间之内	70	157.78890	3.47179	3.10948	3.10948	3.47179
色丹雷	70	10517.08396	2.84785	2.83501	2.83501	2.84785
这片天地间	69	639.77005	3.23675	3.21031	3.23675	3.21031
小玉瓶	69	200.26992	3.75719	2.93263	3.75719	2.93263
五星斗尊	69	1165.20871	4.53685	3.40488	4.53685	3.40488
五品丹药	69	689.41863	4.34349	3.50309	4.34349	3.50309
怪笑	69	461.08483	3.78838	2.00499	3.78838	2.00499
黑衣老者	69	603.51936	3.80333	3.60933	3.60933	3.80333
一把抓住	69	1690.56635	5.11713	3.55639	3.55639	5.11713
对恃	68	362.38883	4.88794	3.06941	4.88794	3.06941
小伊	68	1395.27824	4.33140	2.76022	2.76022	4.33140
掠过许些	68	239.88994	5.01256	3.12228	3.12228	5.01256
门口处	68	478.94176	4.05162	2.59396	4.05162	2.59396
仅仅只能	68	177.77983	5.05454	4.31699	4.31699	5.05454
微蹙	68	2662.43601	3.15714	1.81770	3.15714	1.81770
黑袍老者	68	119.92252	4.97617	3.88899	3.88899	4.97617
宛如实质	68	1023.70700	4.20710	1.54216	4.20710	1.54216
漆黑戒指	67	666.11520	3.70114	3.47324	3.70114	3.47324
紧皱着眉头	67	2854.93857	3.07861	1.70262	3.07861	1.70262
苍老声音	67	136.00101	2.83854	2.40726	2.83854	2.40726
液体能量	67	85.56003	3.52378	3.13834	3.13834	3.52378
解决掉	67	2050.84336	5.19919	4.88183	5.19919	4.88183
灵魂印记	67	368.83790	3.73023	3.62397	3.62397	3.73023
要显得	67	80.13083	3.91113	3.79613	3.79613	3.91113
惊呼声	67	2193.96174	3.60915	2.43919	3.60915	2.43919
这个老家伙	67	91.52249	4.27731	4.04144	4.04144	4.27731
帝境灵魂	67	617.23893	3.67114	2.97780	3.67114	2.97780
山峰之上	67	90.85194	4.07406	2.44334	4.07406	2.44334
轩护法	66	3430.78717	4.12068	3.84477	3.84477	4.12068
真实实力	66	256.86134	2.90442	2.68835	2.68835	2.90442
两道人影	66	260.56854	4.57475	2.54043	2.54043	4.57475
中心位置	66	1260.72124	4.80227	2.24834	4.80227	2.24834
韩月	66	3974.24161	4.36144	3.70245	3.70245	4.36144
阶别的	66	3770.45079	3.76936	3.07134	3.07134	3.76936
有些尴尬	66	120.24310	3.58321	1.52816	3.58321	1.52816
一屁股	66	363.05175	3.55789	2.15893	3.55789	2.15893
两者间	66	176.95113	3.38123	2.21135	3.38123	2.21135
交给我来	66	3464.37079	3.57938	2.61539	3.57938	2.61539
床榻之上	66	238.10339	3.37182	2.42400	3.37182	2.42400
一想到	66	94.18795	4.45989	2.82851	2.82851	4.45989
实质般的	65	313.61155	5.05731	1.52063	1.52063	5.05731
辰天南	65	14788.30786	4.99666	2.58223	2.58223	4.99666
大手	65	256.05939	3.93833	3.25985	3.25985	3.93833
古南海	65	6814.88841	4.86415	2.51450	2.51450	4.86415
黑衣男子	65	996.15230	4.82177	3.79214	3.79214	4.82177
一道足有	65	181.08850	4.12927	2.08045	2.08045	4.12927
冥河盟	65	44144.20256	3.89691	3.86325	3.89691	3.86325
变得异常	65	203.56151	4.44986	3.87993	3.87993	4.44986
万火长老	65	789.53689	5.21814	3.75855	3.75855	5.21814
超级强者	64	308.37709	2.51240	2.39014	2.51240	2.39014
刚欲	64	4242.30284	5.01532	2.08727	2.08727	5.01532
化为虚无	64	156.60666	4.53035	2.15336	4.53035	2.15336
磅礴斗气	64	113.03862	3.89115	3.61577	3.61577	3.89115
一群人	64	88.04417	3.91761	3.82162	3.82162	3.91761
做完	64	1027.17520	1.85340	1.63098	1.85340	1.63098
压下	64	254.35608	4.21754	1.73512	4.21754	1.73512
不客气	64	94.95953	4.00422	2.19173	4.00422	2.19173
潮水般的	64	606.13697	5.00237	2.74659	2.74659	5.00237
丹塔老祖	64	1939.73981	4.95300	3.98120	3.98120	4.95300
四方阁	64	4805.54305	3.84046	3.31528	3.84046	3.31528
一道清脆	64	166.49852	3.18477	2.54645	3.18477	2.54645
视线之内	64	95.37993	3.11641	1.54810	3.11641	1.54810
山谷之中	64	100.86378	3.68051	3.63804	3.63804	3.68051
劲道	63	110.98892	3.01538	2.24189	3.01538	2.24189
转移到	63	134.78442	4.51810	3.44044	4.51810	3.44044
一片虚无	63	271.28753	2.57275	1.66055	2.57275	1.66055
魔兽干尸	63	1799.09772	3.86227	3.01907	3.01907	3.86227
还以为	63	88.55354	4.03053	3.57994	3.57994	4.03053
这个小家伙	63	110.17866	4.44997	3.65518	3.65518	4.44997
缓缓抬起	62	107.69408	4.27258	2.51239	4.27258	2.51239
云岚山	62	6802.17649	4.37552	3.81103	3.81103	4.37552
古帝洞府	62	8185.73215	4.32266	3.73156	4.32266	3.73156
毁灭般的	62	133.50964	3.92776	3.40492	3.92776	3.40492
却始终	62	324.47945	4.62937	2.66059	2.66059	4.62937
存在于	62	399.12848	4.11193	3.50433	4.11193	3.50433
身法斗技	62	1238.21722	3.32786	3.23233	3.32786	3.23233
缓缓闭上	62	366.68843	3.40399	2.27625	3.40399	2.27625
能量核	62	259.49249	3.83763	3.75709	3.75709	3.83763
闷哼	62	3164.60407	2.66965	1.75882	2.66965	1.75882
能够看出	62	134.33025	4.06720	2.52821	2.52821	4.06720
猎捕赛	62	39058.70016	1.65659	1.59205	1.65659	1.59205
第一时间	62	219.22798	4.03172	3.52042	3.52042	4.03172
便交给	61	174.95220	3.13706	2.47360	2.47360	3.13706
黑皇城	61	3990.29849	4.62635	4.21932	4.21932	4.62635
黄泉妖圣	61	5385.13343	4.30420	3.60686	4.30420	3.60686
惊雷般的	61	533.28397	4.39570	3.26950	3.26950	4.39570
慕兰三老	61	23804.90247	4.64497	3.52819	3.52819	4.64497
急速凝聚	61	208.21544	4.40827	1.88934	4.40827	1.88934
连带着	61	94.20622	5.19271	2.78361	2.78361	5.19271
背后双翼	61	812.41528	3.74549	1.77553	1.77553	3.74549
有信心	61	205.64104	4.27380	3.20301	4.27380	3.20301
血战佣兵团	61	5034.21723	4.64404	4.10081	4.64404	4.10081
魔毒斑	61	30434.77663	4.34984	4.08111	4.34984	4.08111
哪里去	61	240.55180	2.77172	2.17064	2.77172	2.17064
心中暗自	61	263.94270	4.40409	2.34684	2.34684	4.40409
还来不及	61	303.70411	5.26902	4.22451	4.22451	5.26902
有些出乎	61	140.37950	3.32013	2.98172	3.32013	2.98172
五星斗圣	61	1373.48273	4.04847	3.14501	4.04847	3.14501
前方不远处	60	849.53076	3.92571	1.89041	3.92571	1.89041
化生火	60	24139.24972	2.50917	2.08523	2.08523	2.50917
这一届	60	82.25811	3.75092	2.77808	3.75092	2.77808
炼药界	60	2533.07584	3.85770	3.49630	3.85770	3.49630
整个中州	60	261.99898	3.60155	2.70638	3.60155	2.70638
有些古怪	60	92.95816	4.98382	2.28593	4.98382	2.28593
三大龙王	60	3756.91364	4.37389	4.18669	4.37389	4.18669
七品丹药	60	258.30308	3.57001	3.14653	3.57001	3.14653
眉宇间	60	806.91792	3.94441	3.67167	3.67167	3.94441
那魂殿	60	1377.19388	4.18801	3.93667	4.18801	3.93667
七品高级	60	1697.52216	4.51408	2.46265	4.51408	2.46265
论起	60	1105.12540	5.12087	1.82741	1.82741	5.12087
另外一名	59	141.84163	4.93322	2.89976	2.89976	4.93322
派人	59	112.92622	5.14519	4.29976	5.14519	4.29976
四章 	59	1899.38615	5.88264	3.77868	3.77868	5.88264
西北大陆	59	1374.20488	4.85672	4.06682	4.85672	4.06682
实力大涨	59	277.59845	4.34324	2.04071	4.34324	2.04071
的确很	59	89.56098	4.88231	3.57729	3.57729	4.88231
曜老先生	59	10372.86891	4.09024	2.23002	2.23002	4.09024
踏着虚空	59	3739.43421	3.23251	1.77952	3.23251	1.77952
震惊之色	59	397.62108	2.70938	1.68130	2.70938	1.68130
丹王古河	59	4170.83397	4.50415	4.11666	4.50415	4.11666
远远超过	59	1559.54578	4.23207	3.96411	4.23207	3.96411
十二章 	59	1931.57914	5.81485	3.65723	3.65723	5.81485
五大家族	59	7579.15975	4.29338	3.25811	4.29338	3.25811
这妮子	59	84.46622	4.81003	3.78800	3.78800	4.81003
一阵剧烈	59	204.86516	4.61326	2.50006	4.61326	2.50006
椅子上	59	130.54989	2.98042	2.77701	2.77701	2.98042
并未立刻	58	167.70161	5.05403	2.66521	2.66521	5.05403
红衣少女	58	2177.15243	4.61738	3.88178	3.88178	4.61738
无疑将会	58	484.11974	4.48929	1.87734	1.87734	4.48929
这片区域	58	667.09069	3.91827	3.83369	3.83369	3.91827
不由得苦笑	58	143.66252	2.33477	2.04824	2.33477	2.04824
耳边响起	58	599.41237	3.25423	2.27917	3.25423	2.27917
一咬	58	95.36685	3.40938	1.67389	3.40938	1.67389
足以令得	58	142.23227	4.52305	2.77789	2.77789	4.52305
有所感应	58	428.20409	3.36701	2.30650	3.36701	2.30650
能够办到	58	187.13960	4.29713	2.59432	4.29713	2.59432
定然不会	58	170.36849	4.86015	3.70537	3.70537	4.86015
削瘦身影	57	713.12106	2.37899	2.00269	2.00269	2.37899
犹如鬼魅	57	289.98677	3.30976	1.72176	3.30976	1.72176
空间船	57	765.74433	4.05256	3.96791	4.05256	3.96791
焚烧成	57	1213.59428	4.52695	2.32464	4.52695	2.32464
气旋之内	57	207.44653	3.97866	2.43481	3.97866	2.43481
只需要	57	182.20027	5.25185	3.90527	3.90527	5.25185
黑色光圈	57	918.36332	3.72812	3.00154	3.00154	3.72812
隔着	57	85.40104	3.71880	2.89023	2.89023	3.71880
浩瀚斗气	57	128.99949	4.45622	2.34619	2.34619	4.45622
ou出	57	315.98948	4.01553	3.41670	3.41670	4.01553
一个玉瓶	57	80.24509	2.56501	2.28809	2.56501	2.28809
算不得什么	56	348.16216	5.17147	3.76634	3.76634	5.17147
广场周围	56	81.79678	3.25806	2.61455	3.25806	2.61455
猛然自	56	100.28502	4.79292	3.07581	3.07581	4.79292
陀舍古帝	56	55880.24561	2.98227	2.61251	2.61251	2.98227
四天尊	56	1459.09302	4.60701	3.72960	3.72960	4.60701
灵魂感知	56	332.62051	3.55661	2.58839	2.58839	3.55661
红衣女子	56	1800.16899	4.66346	2.99639	2.99639	4.66346
斗宗巅峰	56	238.39593	4.39381	2.44447	4.39381	2.44447
斗王级别	56	599.01449	4.78737	2.09795	4.78737	2.09795
视线尽头	56	489.74154	2.79987	2.18556	2.79987	2.18556
黑色锁链	56	643.49271	4.40102	3.22327	3.22327	4.40102
小脑袋	56	111.49837	3.05010	1.58455	3.05010	1.58455
西北地域	56	7216.77229	3.52290	3.36858	3.52290	3.36858
便请	55	88.82914	5.11356	1.88983	1.88983	5.11356
留在这里	55	462.93687	4.50792	3.73506	4.50792	3.73506
缓缓旋转	55	150.63058	4.29936	2.10344	4.29936	2.10344
魂崖	55	367.69492	3.24581	2.71444	2.71444	3.24581
爆炸开来	55	779.24226	4.46564	1.50297	4.46564	1.50297
刘长老	55	946.43204	5.16951	3.90608	3.90608	5.16951
斗宗阶别的	55	5998.44444	4.54547	3.42715	4.54547	3.42715
山老人	55	2266.08936	4.23280	2.07156	2.07156	4.23280
切米尔	55	36360.43379	4.85192	2.09366	2.09366	4.85192
精纯能量	55	174.66546	2.47091	2.45009	2.45009	2.47091
两名老者	55	202.02967	4.01184	2.98432	2.98432	4.01184
必然不会	55	133.82011	4.69983	3.62023	3.62023	4.69983
硬碰	55	6496.98005	4.82867	2.69190	4.82867	2.69190
青山镇	55	5357.98171	4.59437	3.81190	3.81190	4.59437
大多数人	55	148.23764	3.49764	2.34746	3.49764	2.34746
本身实力	55	158.33918	4.48693	4.39567	4.48693	4.39567
视野之中	54	241.82964	3.07659	1.53014	3.07659	1.53014
隐约间	54	381.57644	2.72479	2.14841	2.14841	2.72479
斗帝血脉	54	1035.26782	3.75458	2.89596	3.75458	2.89596
人蝎子	54	127.34961	4.90274	3.50009	3.50009	4.90274
惊咦	54	8608.57838	3.93155	2.28494	3.93155	2.28494
还活着	54	290.57830	4.55728	2.92319	4.55728	2.92319
红脸老者	54	1815.98703	4.37578	3.81051	3.81051	4.37578
比以前	54	188.84493	4.89138	4.39897	4.39897	4.89138
床榻上	54	95.88410	3.46961	3.17476	3.46961	3.17476
就欲	54	106.48080	4.78027	2.50286	2.50286	4.78027
浮现许些	54	108.92835	4.55465	3.84610	3.84610	4.55465
神农老人	54	2388.48242	4.45154	3.51179	3.51179	4.45154
真是个	54	215.50649	5.28248	2.03612	2.03612	5.28248
所见	54	115.49909	2.91756	2.06375	2.91756	2.06375
对方眼中	53	90.96153	2.71122	1.95214	1.95214	2.71122
狠狠砸	53	133.64321	3.70540	3.03669	3.70540	3.03669
成一片	53	172.94413	4.19706	3.63618	4.19706	3.63618
空地上	53	112.93017	3.41327	2.45941	3.41327	2.45941
一截	53	534.49285	4.84076	3.64162	3.64162	4.84076
凌厉劲风	53	681.31789	3.39292	2.34094	3.39292	2.34094
三千雷幻身	53	4624.54038	3.50620	3.42156	3.50620	3.42156
取出一枚	53	630.01430	3.78216	1.62150	1.62150	3.78216
珍稀药材	53	1125.87850	3.31069	2.67204	3.31069	2.67204
丝毫不比	53	1138.57489	4.98793	3.36990	3.36990	4.98793
开山印	53	15387.31401	2.27972	2.21642	2.27972	2.21642
岩浆海域	53	3287.64941	2.92013	2.69158	2.69158	2.92013
交出来	53	685.42865	4.71142	2.24180	4.71142	2.24180
什么意外	53	168.74133	2.64095	2.39378	2.64095	2.39378
仅仅只	53	326.23564	4.49189	4.28634	4.49189	4.28634
进入天墓	53	297.41759	5.11915	3.04871	5.11915	3.04871
半只脚踏	53	38436.75364	4.67811	3.26422	4.67811	3.26422
龙力丹	53	11098.16725	1.87093	1.70615	1.70615	1.87093
想要得到	53	93.85033	4.76529	4.09039	4.09039	4.76529
大门处	53	223.75741	4.61061	2.56104	4.61061	2.56104
并未理会	52	189.33362	4.08853	3.69428	4.08853	3.69428
不敢轻易	52	390.95358	4.43921	2.67588	2.67588	4.43921
自萧炎体内	52	323.06768	3.94010	3.79666	3.94010	3.79666
飙射而	52	131.97891	4.76446	1.53340	4.76446	1.53340
任谁	52	1440.18997	2.24226	1.64495	2.24226	1.64495
玄阶高级	52	2346.35285	4.13669	2.68951	4.13669	2.68951
砸落	52	338.56016	3.61843	2.13010	3.61843	2.13010
这么多人	52	1620.31939	3.86602	3.23400	3.86602	3.23400
恐怕至少	52	91.37151	2.33141	1.51313	1.51313	2.33141
这么快	52	306.32904	4.39758	3.16200	4.39758	3.16200
造成什么	52	108.33316	4.44113	2.96560	4.44113	2.96560
寻常之物	52	634.59405	2.27656	1.73685	2.27656	1.73685
炼药宗师	52	3185.90921	3.28520	2.66034	3.28520	2.66034
有着一分	52	103.89829	5.21737	3.44032	3.44032	5.21737
灵魂本源	52	175.17541	3.26790	3.02828	3.02828	3.26790
变得极其	52	99.92570	4.19332	4.01967	4.19332	4.01967
十五章 	52	1860.03917	5.66198	3.43431	3.43431	5.66198
沙之佣兵团	52	6476.20911	4.27274	3.81788	4.27274	3.81788
那片空间	52	250.94398	3.83276	3.45650	3.45650	3.83276
巨石之上	51	101.38169	3.58134	1.83146	3.58134	1.83146
三色火莲	51	3118.16404	3.11963	2.46303	2.46303	3.11963
斗气纱衣	51	571.85660	3.53308	3.17243	3.53308	3.17243
这位朋友	51	765.36019	1.85380	1.51197	1.51197	1.85380
其他地方	51	138.62410	4.01025	3.50163	4.01025	3.50163
一抹狰狞	51	121.70706	3.87913	2.36767	3.87913	2.36767
急忙后退	51	530.02399	3.59345	1.88422	3.59345	1.88422
一抹森然	51	143.77829	3.81295	3.10443	3.81295	3.10443
这个世界	51	154.35065	2.91489	1.51326	2.91489	1.51326
苓儿	51	1101.50856	4.47749	2.70195	2.70195	4.47749
举手投足间	51	746.04516	3.94031	2.57144	3.94031	2.57144
落雁天	51	2166.81394	4.34351	3.73352	3.73352	4.34351
会引来	51	166.45596	4.43884	4.00784	4.00784	4.43884
一位身着	51	622.63365	5.11626	3.44046	3.44046	5.11626
暗金色	51	3147.89307	4.08963	2.87878	4.08963	2.87878
风雷之力	51	284.11199	4.00052	3.93167	4.00052	3.93167
副殿主	51	1251.70579	4.48076	1.78457	1.78457	4.48076
一股异样	50	250.88921	2.59999	1.88151	2.59999	1.88151
几个眨眼	50	1057.07354	2.06161	1.85922	2.06161	1.85922
顺着声音	50	91.87633	3.08975	2.25111	2.25111	3.08975
异火融合	50	117.78758	3.18120	3.07063	3.07063	3.18120
雷霆之力	50	506.43849	3.00302	2.51984	2.51984	3.00302
火焰蜥蜴人	50	377.77612	4.11911	2.98719	2.98719	4.11911
一股寒意	50	228.32723	3.07063	1.96054	3.07063	1.96054
挑起一抹	50	824.39720	4.50644	2.47134	2.47134	4.50644
伸出手来	50	582.11781	2.72307	1.94727	2.72307	1.94727
无人敢	50	937.34521	4.94347	3.20726	3.20726	4.94347
不乏一些	50	309.48177	5.21366	2.88014	2.88014	5.21366
没资格	50	216.86025	4.62928	3.44096	3.44096	4.62928
天际之边	50	2537.74460	2.82886	2.75179	2.82886	2.75179
蓝衣青年	50	1835.36970	5.25166	3.56329	3.56329	5.25166
遥遥天空	50	289.67714	2.82779	1.64274	2.82779	1.64274
好几次	50	358.65038	3.82650	2.90453	2.90453	3.82650
召唤出	50	142.98167	4.42293	3.95541	4.42293	3.95541
不知不觉间	50	622.25014	2.14631	2.14438	2.14631	2.14438
磅礴气势	49	642.22503	2.90983	2.26038	2.90983	2.26038
玉石骨翼	49	9845.04674	3.48482	3.17067	3.17067	3.48482
还是先	49	122.79778	4.21615	2.72696	2.72696	4.21615
头顶之上	49	90.91220	4.83176	2.08494	4.83176	2.08494
短短不到	49	678.47435	4.12623	1.85408	1.85408	4.12623
七品中级	49	3023.15744	4.36448	2.39556	4.36448	2.39556
青衣女人	49	1090.75203	4.63684	2.92426	2.92426	4.63684
很不错	49	178.54033	4.80839	3.01229	4.80839	3.01229
一道模糊	49	96.78690	2.71270	2.19428	2.19428	2.71270
天材地宝	49	56878.10714	3.95434	2.37785	3.95434	2.37785
血刀圣者	49	21017.17291	4.87112	3.82606	3.82606	4.87112
半空处	49	145.27630	3.44075	2.60767	3.44075	2.60767
姓功法	49	231.27177	2.72203	2.05937	2.05937	2.72203
这丫头	49	87.10923	4.59222	3.18470	3.18470	4.59222
看上去颇为	49	199.09877	4.03869	1.54319	1.54319	4.03869
丹药雏形	49	762.84508	2.83035	2.46577	2.83035	2.46577
青红血液	49	4066.95659	3.36214	2.92766	3.36214	2.92766
仗着	49	83.36949	4.70931	4.58890	4.70931	4.58890
看上去极为	49	92.28021	2.68898	1.95094	1.95094	2.68898
风属姓	49	3535.15427	3.44657	2.47026	3.44657	2.47026
当年那个	49	104.25140	5.09410	2.60315	2.60315	5.09410
便由	49	87.09596	3.04381	1.94663	1.94663	3.04381
成虚无	48	179.22681	2.84626	1.69195	2.84626	1.69195
无人能	48	157.18646	3.60924	3.42943	3.60924	3.42943
所覆盖	48	189.95929	4.37630	1.54304	4.37630	1.54304
显得颇为	48	156.70345	3.54106	2.71700	2.71700	3.54106
几位长老	48	230.50522	4.85539	4.20337	4.20337	4.85539
偶尔间	48	112.10960	3.95876	1.62085	1.62085	3.95876
诚仁仪式	48	31188.97430	3.63418	3.45812	3.45812	3.63418
飞行魔兽	48	344.81376	4.15513	3.49496	4.15513	3.49496
姚坊主	48	16475.03793	4.56842	3.10188	3.10188	4.56842
丹会冠军	48	2935.98249	3.59859	2.58463	3.59859	2.58463
贵宾席上	48	146.88628	3.60370	3.04209	3.60370	3.04209
天冥老妖	48	40149.25210	4.94685	3.36896	3.36896	4.94685
其他势力	48	95.25843	4.59571	4.25777	4.59571	4.25777
妖天啸	48	2128.47490	3.85319	3.39410	3.39410	3.85319
灰袍少年	48	836.09511	4.05667	2.85994	2.85994	4.05667
魔毒斑	48	3853.81004	3.71514	2.39186	2.39186	3.71514
魂煞	48	1471.84936	4.52675	3.26617	3.26617	4.52675
爆炸声响	48	419.83264	2.16457	1.94424	2.16457	1.94424
难以察觉	47	355.23511	4.10057	1.62180	4.10057	1.62180
显得更加	47	364.26613	3.79479	2.56774	2.56774	3.79479
这样下去	47	443.07923	2.58355	1.55211	2.58355	1.55211
幻大师	47	10621.76657	3.98165	2.70391	2.70391	3.98165
浩瀚气息	47	265.85824	3.23392	1.94800	3.23392	1.94800
另外一处	47	254.09596	3.79385	3.74834	3.74834	3.79385
星斗师	47	2590.37891	2.97168	2.66761	2.66761	2.97168
不愿意	47	176.49972	4.50737	3.83344	3.83344	4.50737
小山谷	47	241.93593	4.08186	3.74889	4.08186	3.74889
足以和	47	319.10537	4.67140	4.26461	4.26461	4.67140
一枚丹药	47	89.00557	3.63711	3.45575	3.63711	3.45575
一道道裂缝	47	167.50006	2.60983	2.55033	2.60983	2.55033
斗尊阶别的	47	5998.44444	3.92826	2.79515	3.92826	2.79515
冒出	47	176.80364	4.15993	4.03790	4.15993	4.03790
半年时间	47	267.44315	4.68956	2.37995	4.68956	2.37995
药尊者	47	82.43395	3.81033	3.58714	3.58714	3.81033
劈砍	47	10635.34939	3.78870	2.00894	3.78870	2.00894
墨巴斯	47	39230.39256	4.75349	2.98767	2.98767	4.75349
这座城市	47	1658.94479	4.40031	3.73578	4.40031	3.73578
几年时间	47	224.35509	3.10041	2.46260	3.10041	2.46260
形成一个	47	94.33895	4.98534	2.50436	2.50436	4.98534
神秘女人	47	230.74781	4.79131	3.22644	3.22644	4.79131
毁灭力量	46	129.60460	2.85828	2.52418	2.85828	2.52418
四种异火	46	810.15418	4.30877	3.43678	4.30877	3.43678
爆裂成	46	318.92438	3.79691	3.46248	3.79691	3.46248
这句话	46	3728.57298	4.23477	3.00855	4.23477	3.00855
陀舍古帝玉	46	17076.69044	3.96745	2.60737	3.96745	2.60737
想办法	46	210.84518	4.68106	4.38737	4.68106	4.38737
青衣少女	46	1304.84116	3.85035	1.99625	1.99625	3.85035
宝山老人	46	2712.84423	4.48065	3.19989	3.19989	4.48065
树干上	46	98.74631	3.04261	1.93158	3.04261	1.93158
随你	46	107.72472	2.69461	1.94060	2.69461	1.94060
一块巨石	46	1633.96904	3.12565	2.77750	2.77750	3.12565
在内院中	46	3316.08736	4.39803	3.86613	4.39803	3.86613
勾起一抹	46	893.88211	4.15848	3.14341	3.14341	4.15848
炽热温度	46	263.22097	2.16506	1.79509	1.79509	2.16506
内院中	46	579.10423	3.29305	2.89327	3.29305	2.89327
灵魂分身	46	269.67563	3.67030	3.54404	3.67030	3.54404
经历过	46	239.49655	4.72454	3.90017	3.90017	4.72454
遭受到	46	220.81129	4.33207	4.00806	4.00806	4.33207
极为不错	46	96.75217	3.93501	1.59992	3.93501	1.59992
副院长	46	2238.62497	4.17574	3.65199	3.65199	4.17574
没多少	45	174.36405	4.51594	3.92877	3.92877	4.51594
划过一抹	45	288.05408	4.41616	2.46763	2.46763	4.41616
释放出	45	140.09386	4.27672	3.53042	4.27672	3.53042
席位上	45	87.46185	3.97495	1.93308	3.97495	1.93308
一月时间	45	272.29191	3.94838	2.47838	3.94838	2.47838
战斗经验	45	946.05382	4.04083	3.52469	3.52469	4.04083
三章 	45	1738.42122	5.49185	3.81077	3.81077	5.49185
并无	45	181.85961	4.77264	4.11173	4.11173	4.77264
三年之约	45	6290.66623	3.64977	3.22219	3.64977	3.22219
死亡气息	45	431.27593	3.22633	3.18926	3.22633	3.18926
能量雾气	45	110.82670	3.40848	3.20304	3.40848	3.20304
有兴趣	45	137.43337	4.36454	2.81810	4.36454	2.81810
撕裂空间	45	153.73055	4.30502	1.91083	4.30502	1.91083
遥远处	45	300.80595	3.28569	2.55651	3.28569	2.55651
可不是寻常	45	495.10477	3.71909	3.42089	3.42089	3.71909
有本事	45	81.65159	4.56999	4.34600	4.56999	4.34600
厄难毒女	45	8478.72405	4.44161	3.69730	4.44161	3.69730
能够勉强	45	89.30105	4.77264	3.72332	3.72332	4.77264
斗灵级别	45	902.30422	3.77680	2.66933	3.77680	2.66933
没问题	44	227.93277	3.36763	3.12169	3.36763	3.12169
碰触到	44	335.12113	4.81705	4.20899	4.20899	4.81705
不像是	44	176.14544	4.98773	3.86911	3.86911	4.98773
放眼整个	44	1007.74177	2.89931	1.58119	1.58119	2.89931
很少有人	44	1747.84750	3.53107	3.53061	3.53061	3.53107
黄泉尊者	44	208.41629	4.67747	3.64809	3.64809	4.67747
这幅	44	161.77429	4.41441	4.04903	4.41441	4.04903
八章 	44	1931.57914	5.36852	3.78560	3.78560	5.36852
少阁主	44	2803.85035	4.16715	2.92442	2.92442	4.16715
老生队伍	44	1506.57525	4.25444	3.98195	4.25444	3.98195
斗皇级别	44	260.12617	3.99580	2.45463	3.99580	2.45463
那位神秘	44	226.90391	3.97343	3.30788	3.97343	3.30788
周身空间	44	96.98773	3.88912	3.27432	3.27432	3.88912
算得上	44	287.65231	3.24678	3.13881	3.24678	3.13881
达不到	44	2971.74843	4.77160	3.83421	3.83421	4.77160
轰然爆裂	44	980.80801	3.06324	2.19024	3.06324	2.19024
掌心处	44	165.01355	3.49467	3.23968	3.49467	3.23968
吞噬之力	44	222.47178	3.54485	2.72370	3.54485	2.72370
场地中	44	107.08881	3.62450	2.38538	3.62450	2.38538
药鼎中	44	1337.95066	4.12981	3.49904	3.49904	4.12981
一流势力	43	1191.14383	3.79745	2.25311	3.79745	2.25311
少宗主	43	762.93718	3.57773	2.88257	2.88257	3.57773
长老们	43	221.98133	4.18094	3.72335	3.72335	4.18094
两名斗皇	43	289.16268	4.27487	1.70801	4.27487	1.70801
不急	43	98.63279	3.30596	1.91811	3.30596	1.91811
第一次看见	43	501.15437	4.08343	4.04400	4.04400	4.08343
天境大圆满	43	36847.58730	3.63982	2.40927	3.63982	2.40927
斗王阶别	43	8734.85217	3.46235	2.45068	3.46235	2.45068
表现出	43	113.22957	4.01861	3.90338	4.01861	3.90338
魔兽界	43	835.83531	3.43443	2.29963	3.43443	2.29963
斜靠着	43	91.84038	3.84547	3.32056	3.32056	3.84547
并不难	43	593.01386	3.45874	2.24984	3.45874	2.24984
黑色光柱	43	426.51230	4.03874	2.75553	2.75553	4.03874
快走	43	234.48224	2.48643	2.25660	2.48643	2.25660
空间大门	43	124.99223	3.42795	3.11311	3.42795	3.11311
这片山脉	43	150.49549	3.48486	3.14456	3.48486	3.14456
盘坐于	43	1677.31069	4.81546	2.64019	2.64019	4.81546
白衣女子	43	859.07597	4.50614	3.01667	3.01667	4.50614
前踏	43	809.54749	3.83871	1.73681	3.83871	1.73681
这条	43	119.93611	4.60046	2.20153	2.20153	4.60046
吞噬异火	43	103.10327	4.40593	2.81227	4.40593	2.81227
准备好	43	94.81653	4.22799	2.32108	4.22799	2.32108
变得更加	43	133.86851	4.49798	3.77713	3.77713	4.49798
赫家家主	43	21136.18549	4.18185	3.53109	3.53109	4.18185
明知道	43	216.01825	5.19371	2.71516	2.71516	5.19371
青灵涎	42	10655.30131	3.80571	1.68990	1.68990	3.80571
眼中寒芒	42	357.09944	3.18886	2.95128	2.95128	3.18886
剑罡	42	11600.52966	3.96237	3.18184	3.18184	3.96237
两个小时	42	645.09853	3.47257	3.01873	3.47257	3.01873
冰灵寒泉	42	52585.41981	3.99720	3.38651	3.99720	3.38651
收好	42	282.54355	4.75662	2.12715	4.75662	2.12715
一抹惊骇	42	89.96965	3.22243	1.70688	3.22243	1.70688
巅峰层次	42	199.47708	3.55486	1.96282	3.55486	1.96282
灰袍老者	42	367.35961	4.18259	3.23024	3.23024	4.18259
青长老	42	80.90260	4.51720	2.91581	2.91581	4.51720
青莲座	42	3159.29785	3.41473	3.10608	3.10608	3.41473
刚开始	42	548.19576	4.08611	3.37178	3.37178	4.08611
便欲	42	139.37053	4.36229	2.40169	2.40169	4.36229
这位神秘	42	179.29491	3.97071	3.24223	3.97071	3.24223
城墙之上	42	162.55825	3.59447	2.86993	2.86993	3.59447
脚尖轻点	42	4227.17186	2.84478	1.92960	1.92960	2.84478
下杀手	42	392.75571	4.88018	2.69457	4.88018	2.69457
两名斗王	42	511.02366	3.76067	1.66097	3.76067	1.66097
为之一	42	374.77884	2.85969	2.54592	2.54592	2.85969
缓缓收回	42	125.74379	3.85702	3.20876	3.85702	3.20876
生生	42	5714.78098	4.67803	4.27043	4.27043	4.67803
紫褐色火焰	42	283.76798	3.89057	3.17093	3.17093	3.89057
两位长老	42	104.49107	4.44268	4.02111	4.02111	4.44268
内院长	42	507.59745	4.23623	1.67190	4.23623	1.67190
顶尖强者	42	146.84344	3.31949	3.15173	3.31949	3.15173
远古八族	42	4189.96830	3.73489	3.57863	3.73489	3.57863
三年前	41	451.51656	4.06904	3.57313	3.57313	4.06904
一抹淡淡	41	80.24528	3.66526	3.14606	3.66526	3.14606
那么容易	41	301.29230	3.68973	2.74099	2.74099	3.68973
有些茫然	41	96.61340	3.99233	2.24867	3.99233	2.24867
轻拍了拍	41	885.85086	3.98831	2.27626	2.27626	3.98831
潮水一般	41	331.10253	1.93452	1.53066	1.53066	1.93452
大笑声	41	120.92872	2.80381	2.64400	2.64400	2.80381
再无	41	170.78167	3.54928	3.25773	3.25773	3.54928
诡异消失	41	85.20909	3.75591	2.69736	3.75591	2.69736
天妖凰	41	1609.98267	4.04111	3.32523	4.04111	3.32523
白发男子	41	498.64881	4.23465	3.13471	3.13471	4.23465
动身吧	41	137.76413	2.96635	1.53678	2.96635	1.53678
不会放过	41	485.88444	4.08343	2.69758	4.08343	2.69758
回想起	41	1006.90950	3.85794	3.61572	3.61572	3.85794
泛起一股	41	123.04841	3.77777	3.44481	3.77777	3.44481
凝重之色	41	126.01721	3.03616	1.54742	3.03616	1.54742
会自动	41	89.38593	3.52004	2.28203	2.28203	3.52004
不可置信	41	7813.33816	3.86338	1.58223	3.86338	1.58223
中心处	41	206.26693	4.73536	2.03876	4.73536	2.03876
无数年	41	270.95940	2.98494	1.67752	2.98494	1.67752
冲进	41	1493.02755	4.90012	4.68418	4.68418	4.90012
灰衣老妪	40	17859.11971	4.35370	3.16304	3.16304	4.35370
目光投射	40	99.75896	2.68635	2.34093	2.34093	2.68635
于此	40	524.54161	4.70306	2.25873	4.70306	2.25873
虽然看似	40	128.62439	4.97193	3.80684	3.80684	4.97193
回加玛帝国	40	1994.53583	4.44394	2.60416	4.44394	2.60416
三天时间	40	377.68451	4.23175	1.73791	4.23175	1.73791
完全消散	40	184.49643	3.08154	2.01568	3.08154	2.01568
现在怎么办	40	260.73255	2.36952	1.56954	1.56954	2.36952
一座山峰	40	944.43385	3.47193	2.79347	2.79347	3.47193
来试试	40	133.36784	3.78935	2.55918	3.78935	2.55918
嘶嘶	40	4357.13416	2.98530	2.29412	2.98530	2.29412
七彩光芒	40	316.02475	4.52511	3.54327	3.54327	4.52511
目光环视	40	289.09740	2.59564	1.69023	1.69023	2.59564
空间交易会	40	451.87465	3.52204	3.02694	3.52204	3.02694
往曰	40	294.70249	4.19644	3.69428	3.69428	4.19644
能量潮汐	40	467.14048	3.61910	2.95949	2.95949	3.61910
模糊身影	40	190.64222	2.82864	1.62178	2.82864	1.62178
去哪	40	108.48445	3.87757	3.30023	3.87757	3.30023
亲自出手	40	417.38562	4.45306	2.97659	4.45306	2.97659
大殿内	40	156.95654	3.39459	2.74329	2.74329	3.39459
无数倍	40	2399.10669	2.30208	2.02542	2.30208	2.02542
更强	40	316.53903	4.30370	2.33798	4.30370	2.33798
正是因为	40	116.92144	4.43418	1.51131	1.51131	4.43418
粘稠液体	40	1539.06598	3.20772	3.11096	3.11096	3.20772
中年大汉	39	7362.59993	3.90531	3.06020	3.06020	3.90531
粉红火焰	39	311.40772	4.20914	3.92673	3.92673	4.20914
能量网	39	478.62105	3.71686	3.45504	3.71686	3.45504
席位之上	39	154.00668	4.16474	2.44512	4.16474	2.44512
防御罩	39	1341.95171	3.74556	3.59370	3.74556	3.59370
缓缓摊开	39	305.66986	3.86032	1.83612	3.86032	1.83612
低吼	39	1167.70651	2.64331	2.57780	2.64331	2.57780
犹如受到	39	152.89814	3.49275	2.35022	3.49275	2.35022
远古天蛇	39	919.61642	4.28234	2.95048	4.28234	2.95048
狂喜之色	39	525.66855	3.73659	1.78239	3.73659	1.78239
转向一旁	39	117.50975	2.96646	2.39318	2.39318	2.96646
嘶鸣声	39	2590.65247	1.88915	1.62178	1.88915	1.62178
这加玛帝国	39	1993.28925	3.55969	2.36132	2.36132	3.55969
这种时刻	39	142.53006	2.21463	1.94227	2.21463	1.94227
不会轻易	39	116.04589	3.85844	3.29500	3.29500	3.85844
进入内院	39	102.52977	4.75323	2.13172	4.75323	2.13172
最前方	39	292.45170	4.37233	2.07606	4.37233	2.07606
尚还有	39	310.58552	4.75323	4.34297	4.34297	4.75323
瞥向	39	112.56541	4.14106	2.78737	2.78737	4.14106
谁敢	39	159.95141	4.72130	2.04201	2.04201	4.72130
眼瞳骤然	39	311.22749	3.34925	1.85737	3.34925	1.85737
有些复杂	39	81.63506	3.75547	1.80922	3.75547	1.80922
边缘处	39	354.15643	3.59954	1.69319	3.59954	1.69319
飞行兽	39	1228.60492	3.79144	3.54033	3.54033	3.79144
桌面之上	38	244.05003	2.24843	1.79631	2.24843	1.79631
苏千等人	38	238.97704	3.73036	3.01977	3.01977	3.73036
前三	38	288.28537	3.89834	2.17402	3.89834	2.17402
绝对不能	38	170.26547	4.47135	2.35718	2.35718	4.47135
急速后退	38	325.61407	3.80433	2.21689	3.80433	2.21689
人影闪掠	38	127.77401	4.07772	2.24515	4.07772	2.24515
略微沉默	38	108.48199	2.52206	1.74089	2.52206	1.74089
木盆之中	38	188.87712	3.61653	2.51730	3.61653	2.51730
白山三人	38	292.77408	4.35650	3.52517	3.52517	4.35650
其眉心	38	106.68342	3.09878	1.96360	3.09878	1.96360
连药老	38	2037.75632	4.05574	1.94138	4.05574	1.94138
火焰罩	38	100.38051	3.62521	3.39323	3.39323	3.62521
手掌紧握着	38	257.38616	4.39513	1.54495	1.54495	4.39513
本就是	38	397.21382	5.07017	2.59020	2.59020	5.07017
三天尊	38	423.90898	4.17527	3.34912	3.34912	4.17527
火云老祖	38	11496.63868	4.37636	3.18137	3.18137	4.37636
越加接近	38	1051.30385	4.29995	3.03577	4.29995	3.03577
有些惋惜	38	169.93032	3.72823	1.62298	3.72823	1.62298
大庭广众下	38	549.17790	3.79259	2.38454	2.38454	3.79259
清脆声响	38	487.54954	2.20738	1.62449	2.20738	1.62449
三年之前	38	417.80705	2.88390	2.48494	2.88390	2.48494
凝固成	38	301.79329	4.19860	2.45735	4.19860	2.45735
化为一团	38	207.09171	4.93214	2.84376	2.84376	4.93214
胸膛处	38	201.71693	3.80598	2.52193	3.80598	2.52193
至少需要	38	117.55487	4.87951	3.45567	3.45567	4.87951
似乎有点	37	135.64821	4.46595	3.34695	3.34695	4.46595
冷喝	37	747.73612	2.59950	2.37533	2.37533	2.59950
停下脚步	37	681.77391	4.49960	1.66982	4.49960	1.66982
同等级	37	1446.38486	3.95119	2.23358	3.95119	2.23358
方言三人	37	713.53760	4.73622	4.11630	4.11630	4.73622
必然将会	37	289.70363	4.55095	3.39045	3.39045	4.55095
变得虚幻	37	197.02393	3.56317	2.65594	3.56317	2.65594
两个月	37	386.77479	4.20892	3.74994	4.20892	3.74994
低声自语	37	1227.67030	3.14156	2.27517	3.14156	2.27517
白衣男子	37	590.88804	4.47920	3.00532	3.00532	4.47920
白衣老者	37	337.23678	3.78164	3.29698	3.29698	3.78164
邋遢老者	37	1718.30167	4.61486	3.21735	3.21735	4.61486
正在逐渐	37	97.46425	2.63666	1.51740	2.63666	1.51740
银色光芒	37	282.01275	3.47484	3.46342	3.47484	3.46342
身形暴退	37	260.10660	2.74625	1.81757	2.74625	1.81757
深青色	37	769.63702	3.38475	2.22669	3.38475	2.22669
收进纳戒	37	2574.80584	4.24258	1.55627	4.24258	1.55627
几道人影	37	302.58662	4.49960	2.18090	2.18090	4.49960
耀曰	37	774.75734	3.34872	2.50464	2.50464	3.34872
魂婴果	37	1890.91758	4.04676	3.80260	4.04676	3.80260
略微沉寂	37	475.32241	1.76975	1.65384	1.76975	1.65384
晋入斗帝	37	1466.32457	4.14162	2.92534	4.14162	2.92534
有些不太好	37	173.33745	3.47057	2.01021	3.47057	2.01021
射向	37	345.35422	4.91878	2.37964	2.37964	4.91878
只能看见	37	115.19673	4.54040	3.67510	3.67510	4.54040
黑衫少年	37	1774.33662	2.12732	1.52402	1.52402	2.12732
一道道残影	37	354.17412	3.26917	1.51740	1.51740	3.26917
整个广场	37	99.58000	3.19455	2.79072	3.19455	2.79072
目送着	36	97.67060	4.34627	2.78064	2.78064	4.34627
来到这里	36	135.55855	4.26007	2.39170	4.26007	2.39170
神秘生物	36	1158.80694	3.46304	2.80947	2.80947	3.46304
拿起	36	119.86944	4.14896	4.12116	4.12116	4.14896
小腹处	36	618.80080	4.03049	2.32007	4.03049	2.32007
魂虚子	36	1314.15121	3.80827	2.44091	2.44091	3.80827
炼制躯体	36	414.39896	4.45855	3.48210	4.45855	3.48210
莽荒古域	36	42249.91304	3.92247	3.21378	3.92247	3.21378
强榜	36	1392.59490	3.09922	1.93913	1.93913	3.09922
唐谷主	36	9392.71494	3.01751	2.32441	2.32441	3.01751
有些遗憾	36	174.89905	3.96531	1.63104	3.96531	1.63104
院长大人	36	3412.68643	4.40299	3.96823	3.96823	4.40299
灰色气流	36	8237.51897	3.91383	3.05588	3.05588	3.91383
还不够	36	151.00919	3.17619	3.15935	3.15935	3.17619
血腥味道	36	2343.42777	3.27612	2.46939	3.27612	2.46939
坐在椅上	36	5925.90512	3.23559	1.62253	3.23559	1.62253
无形波动	36	125.75744	3.56845	3.16391	3.16391	3.56845
一道低低的	36	155.37055	4.17342	3.27617	3.27617	4.17342
肯定会	36	90.50547	4.55881	3.63373	3.63373	4.55881
这场大战	36	1181.91929	2.99662	2.38603	2.99662	2.38603
顶多只能	36	582.99445	4.62521	3.26428	3.26428	4.62521
连退	36	190.29313	2.24484	1.62413	2.24484	1.62413
曰光	36	218.66475	2.30040	1.90346	1.90346	2.30040
一名大斗师	36	190.40436	4.00398	3.67928	3.67928	4.00398
莫宗主	36	4014.92521	3.60552	2.51928	2.51928	3.60552
召唤出来	36	231.73375	4.40576	2.69780	4.40576	2.69780
咔咔	36	10601.54068	2.97999	2.16128	2.97999	2.16128
头顶上空	36	1498.02422	3.57315	2.49108	3.57315	2.49108
客卿长老	36	953.05044	2.76130	2.71877	2.71877	2.76130
汇聚成	35	279.44605	3.96725	3.78946	3.78946	3.96725
不敢随意	35	180.10597	4.16781	2.89269	2.89269	4.16781
脸色惨白	35	256.31903	3.98130	1.94755	3.98130	1.94755
透着一股	35	201.05194	4.85758	2.04050	2.04050	4.85758
广场中央	35	361.48213	3.67914	2.79932	3.67914	2.79932
黑魔雷	35	5518.31947	3.07214	2.15104	2.15104	3.07214
融灵丹	35	8484.10122	3.18716	3.12172	3.18716	3.12172
两天时间	35	268.51008	3.80852	2.56318	3.80852	2.56318
另外一边	35	1543.73870	3.51532	2.36993	3.51532	2.36993
赫长老	35	976.66205	4.53585	3.61279	3.61279	4.53585
铁剑尊者	35	1384.61746	4.17831	3.40408	3.40408	4.17831
能量膜	35	575.96298	3.59352	3.12928	3.59352	3.12928
不惧	35	243.47973	2.60744	1.80614	2.60744	1.80614
猜到	35	408.02085	3.30604	3.06605	3.30604	3.06605
天墓之魂	35	10956.37248	3.79704	3.51441	3.79704	3.51441
一名斗师	35	303.85095	3.36430	3.13002	3.13002	3.36430
这枚丹药	35	308.29265	3.42144	3.18201	3.18201	3.42144
小心一点	35	167.99441	3.25075	1.59519	3.25075	1.59519
有些嘶哑	35	80.07733	2.59582	2.12594	2.59582	2.12594
发动攻击	35	1152.33079	4.68615	1.85205	4.68615	1.85205
化为一条	35	126.34494	4.28615	2.89269	2.89269	4.28615
黑色戒指	35	387.55811	3.09378	3.05057	3.09378	3.05057
惊喜之色	35	432.11065	3.01103	1.59439	3.01103	1.59439
依kao	35	20203.16963	4.20744	4.18182	4.20744	4.18182
什么叫做	35	157.01916	4.54744	2.86190	2.86190	4.54744
金刚琉璃	35	9217.12195	3.09847	2.19482	3.09847	2.19482
陡然爆发	35	87.61550	3.86173	2.50836	3.86173	2.50836
一拳狠狠	35	167.81612	2.57289	2.54442	2.57289	2.54442
属于那种	34	195.68734	4.91099	2.00328	2.00328	4.91099
加起来	34	120.47899	4.12408	2.41950	4.12408	2.41950
彻底爆发	34	83.53073	4.63129	3.56276	4.63129	3.56276
锊开	34	5510.12089	2.35409	1.51241	2.35409	1.51241
或许可以	34	81.19498	4.51365	2.24610	2.24610	4.51365
发出一阵	34	131.50752	4.79335	4.05748	4.05748	4.79335
原本以为	34	404.73258	4.53585	1.83687	1.83687	4.53585
被击中	34	95.90159	2.98491	2.32041	2.98491	2.32041
年轻身影	34	100.58021	2.80844	1.94905	1.94905	2.80844
所需	34	571.85660	3.48366	3.01634	3.48366	3.01634
有些动容	34	185.83024	2.78768	1.70967	2.78768	1.70967
一丝血迹	34	935.90103	2.82839	2.52835	2.82839	2.52835
不要以为	34	348.46488	4.71232	2.04076	2.04076	4.71232
只得苦笑	34	144.49821	2.06658	2.01922	2.06658	2.01922
千万不要	34	2491.85265	4.67570	1.92450	1.92450	4.67570
所遗留	34	279.57434	4.33718	1.74116	4.33718	1.74116
裁判席上	34	244.50446	3.72291	2.05878	3.72291	2.05878
能量壁	34	378.74313	3.24733	3.22323	3.24733	3.22323
被震	34	157.95557	3.26223	2.73370	3.26223	2.73370
等级徽章	34	890.31319	3.42190	2.60909	3.42190	2.60909
山壁之上	34	177.41795	3.04675	1.82873	3.04675	1.82873
不会再有	34	386.27862	3.96203	3.85170	3.96203	3.85170
被生生	34	114.75404	3.95786	3.14957	3.14957	3.95786
眉头不由得	34	82.40720	2.50798	2.38680	2.38680	2.50798
七彩小蛇	34	2176.58358	3.81623	2.70775	2.70775	3.81623
斗圣骨骸	34	1146.20685	4.07851	3.22756	3.22756	4.07851
三道身影	34	297.34634	3.16679	2.66002	2.66002	3.16679
这天墓	34	9973.83643	3.54733	2.52474	2.52474	3.54733
手中长剑	34	159.69080	4.45189	2.06746	2.06746	4.45189
斗尊层次	34	187.46696	2.90567	2.13589	2.90567	2.13589
怎可能	34	648.94874	4.18291	2.08044	2.08044	4.18291
象征着	34	83.24500	4.25198	3.49999	3.49999	4.25198
额头处	34	116.33064	3.60492	1.63738	3.60492	1.63738
生骨融血丹	34	63146.30671	3.71814	2.80881	3.71814	2.80881
岩浆柱	34	1599.97512	2.48633	2.03310	2.03310	2.48633
几个月	34	422.67594	3.91346	3.37714	3.91346	3.37714
比起当年	34	181.55347	3.39442	2.48633	2.48633	3.39442
火焰盔甲	34	310.26703	3.66531	3.35780	3.66531	3.35780
唰唰	34	11276.12620	3.53416	1.65942	3.53416	1.65942
碧绿火翼	34	2519.79887	3.71232	2.36192	2.36192	3.71232
七星斗圣	34	1037.31720	3.57617	3.26473	3.57617	3.26473
恐怖劲气	34	111.55568	2.52874	2.42111	2.42111	2.52874
一滴滴	33	443.72991	3.77245	2.60726	2.60726	3.77245
脚步刚刚	33	99.12554	3.63441	3.35276	3.35276	3.63441
以前那般	33	184.73344	3.91654	2.98203	2.98203	3.91654
气势压迫	33	673.70044	3.04018	2.92318	2.92318	3.04018
十七章 	33	1931.57914	5.04439	2.55612	2.55612	5.04439
这道声音	33	88.48711	3.12669	3.05971	3.05971	3.12669
缓步走出	33	1249.35508	3.66658	1.62631	3.66658	1.62631
手中长枪	33	154.44244	4.57440	2.61283	2.61283	4.57440
薰儿三人	33	1106.73176	3.95729	2.86616	2.86616	3.95729
炽热劲风	33	228.08412	3.05762	2.55222	3.05762	2.55222
肩膀处	33	126.38637	4.05182	2.74136	4.05182	2.74136
一层淡淡的	33	198.96937	4.65788	3.53003	3.53003	4.65788
一抹惊讶	33	125.12454	2.07833	1.66294	2.07833	1.66294
漆黑双眸	33	319.94260	2.64772	2.59423	2.59423	2.64772
苍老人影	33	141.24276	3.83307	3.31128	3.31128	3.83307
必须尽快	33	1245.97845	2.99544	2.92883	2.92883	2.99544
高级功法	33	387.66511	3.39199	2.36050	2.36050	3.39199
一抹惊喜	33	150.88547	2.51261	1.71312	2.51261	1.71312
斗皇层次	33	141.97248	3.24185	2.28135	3.24185	2.28135
十回合	33	4089.59388	3.77548	3.21656	3.77548	3.21656
如此年纪	33	454.47398	3.01674	2.26160	3.01674	2.26160
两色火焰	33	239.05050	3.08672	2.81128	2.81128	3.08672
青色岩浆	33	124.40496	3.52761	3.09314	3.09314	3.52761
双臂抱	33	2233.12036	3.52440	1.50141	3.52440	1.50141
蛇女	33	1792.13896	4.05866	3.56331	3.56331	4.05866
大天尊	33	134.60929	3.96141	3.54608	3.96141	3.54608
白发女子	33	502.09340	4.11926	2.75591	2.75591	4.11926
白袍男子	33	1006.96220	4.27137	3.22825	3.22825	4.27137
这魂殿	33	1504.67736	3.42972	2.80197	2.80197	3.42972
灵魂境界	33	230.95577	2.95755	2.90792	2.90792	2.95755
云岚宗宗主	33	153.80559	3.11823	3.09220	3.09220	3.11823
即将到达	33	590.20474	4.33198	3.54247	3.54247	4.33198
剑尊者	33	379.01510	4.23364	2.78845	2.78845	4.23364
五天时间	33	464.83057	3.90564	2.71674	3.90564	2.71674
那般容易	33	384.31153	3.94546	2.74872	2.74872	3.94546
不会超过	33	188.23658	4.49894	3.03335	3.03335	4.49894
一个小小的	33	130.64619	4.71849	3.66531	3.66531	4.71849
二章 	33	1931.57914	5.04439	3.23686	3.23686	5.04439
黑气	33	1343.81782	3.89032	3.15166	3.89032	3.15166
灰衣男子	33	1375.36300	4.86258	3.00844	3.00844	4.86258
千百二老	33	15613.59804	4.41391	4.30904	4.30904	4.41391
极为难看	33	121.67510	1.77040	1.74339	1.77040	1.74339
交过手	33	14700.80308	4.03775	1.95864	4.03775	1.95864
颇为不错	33	149.75344	4.10011	1.92420	4.10011	1.92420
众人面面相觑	33	387.16533	1.94734	1.72739	1.94734	1.72739
他老人家	33	100.06668	4.05866	3.98346	4.05866	3.98346
烈曰	33	583.51093	3.18582	3.07410	3.18582	3.07410
三道人影	32	355.70403	3.64940	2.44590	2.44590	3.64940
倒飞	32	155.22290	3.86230	2.23034	3.86230	2.23034
漆黑眼瞳	32	142.25977	2.57262	1.85235	2.57262	1.85235
玄阶斗技	32	419.49857	3.90252	3.47519	3.90252	3.47519
正在以	32	87.90544	2.18061	2.00753	2.18061	2.00753
很明显	32	80.40272	1.97231	1.60010	1.97231	1.60010
天魂融血丹	32	81671.12821	2.90176	2.44789	2.44789	2.90176
惊骇之色	32	185.09306	3.39809	1.50884	3.39809	1.50884
满脸错愕	32	553.24273	2.98346	1.85382	2.98346	1.85382
丝毫不逊色	32	63783.20901	4.05097	3.84314	3.84314	4.05097
白袍老者	32	557.28703	3.60019	3.34811	3.60019	3.34811
那道身影	32	173.64521	3.19952	2.57340	2.57340	3.19952
即将进入	32	80.69043	4.87500	3.62066	3.62066	4.87500
急速扩散	32	145.38697	3.76089	1.76571	3.76089	1.76571
整个大陆	32	119.77096	2.98346	2.34345	2.98346	2.34345
困难度	32	4156.49490	2.74566	2.70354	2.74566	2.70354
这般年龄	32	88.28072	2.97311	2.46692	2.97311	2.46692
屠龙剑	32	16605.66439	3.93624	2.79908	3.93624	2.79908
还是第一次	32	130.26298	3.39032	3.16653	3.39032	3.16653
想起先前	32	151.07067	3.81955	2.52651	2.52651	3.81955
翻海印	32	11574.55916	2.75961	2.68745	2.75961	2.68745
运气好	32	278.12420	3.18628	2.55373	3.18628	2.55373
三个月	32	748.91855	3.73244	3.35182	3.35182	3.73244
迅速后退	32	127.31720	3.73861	1.90486	3.73861	1.90486
显得分外	32	1774.50109	2.05504	1.81781	1.81781	2.05504
变得苍白	32	111.96576	3.69455	2.00334	3.69455	2.00334
见识过	32	350.34035	3.20363	3.09456	3.20363	3.09456
依旧未曾	32	90.95949	4.75000	3.08175	3.08175	4.75000
漆黑锁链	32	330.15003	3.04365	2.95591	2.95591	3.04365
亡魂山脉	32	2818.58216	4.37355	3.94076	3.94076	4.37355
执法队	32	35738.27770	4.16391	3.50876	4.16391	3.50876
灵魂冲击	32	104.67561	2.72828	2.05504	2.72828	2.05504
凝望着	32	84.53362	4.09314	3.45780	3.45780	4.09314
并算不得	32	277.99222	3.56331	3.56200	3.56331	3.56200
猛然暴涨	32	144.18016	4.02752	2.54660	4.02752	2.54660
地灵丹	32	192.05511	2.96418	2.76039	2.76039	2.96418
手中印结	32	307.17682	3.90252	2.71805	2.71805	3.90252
七章 	31	1871.21729	4.88968	3.90883	3.90883	4.88968
遥遥天际	31	434.55855	3.16993	1.82070	3.16993	1.82070
令人感到	31	329.25318	3.91018	3.71131	3.71131	3.91018
身形急退	31	264.96179	2.63028	2.16979	2.63028	2.16979
没死	31	124.96253	1.94796	1.89759	1.94796	1.89759
融合而成	31	724.56187	2.80570	1.53194	2.80570	1.53194
陡然暴涨	31	194.00576	4.09114	2.08822	4.09114	2.08822
碧蛇三花瞳	31	49868.88586	3.34926	2.92193	3.34926	2.92193
退开	31	844.12979	3.86470	2.02153	3.86470	2.02153
睁大	31	514.31575	3.99468	1.94773	3.99468	1.94773
难以接受	31	589.63922	2.84765	1.85382	2.84765	1.85382
有些怪异	31	89.04532	3.91340	1.89179	3.91340	1.89179
不用太过	31	235.50270	2.56710	2.16960	2.16960	2.56710
蛇鳞	31	331.49044	2.33012	2.32395	2.33012	2.32395
干瘦男子	31	1581.26312	3.96938	2.94379	2.94379	3.96938
条件反射般的	31	587.19519	4.67178	2.98478	2.98478	4.67178
被毁	31	107.38207	4.26033	2.06313	4.26033	2.06313
大殿之外	31	152.15268	3.51049	3.23096	3.23096	3.51049
太过困难	31	348.10645	3.12423	1.89759	3.12423	1.89759
加玛圣城	31	1529.79153	3.85731	3.05324	3.05324	3.85731
触摸到	31	233.00138	4.54275	3.18450	4.54275	3.18450
目光投注	31	124.75538	2.20178	1.53137	1.53137	2.20178
毁灭姓	31	230.71533	3.58228	2.30216	3.58228	2.30216
每天都	31	90.34218	3.62184	2.97001	3.62184	2.97001
喉咙处	31	125.73013	4.23598	3.41705	4.23598	3.41705
艹控着	31	9830.78395	4.58291	3.32953	3.32953	4.58291
嘴中吐出	31	2390.46129	3.09456	2.27796	3.09456	2.27796
黑衣尊者	31	296.96984	4.16824	3.26265	3.26265	4.16824
多久时间	31	153.96647	2.87875	1.60439	2.87875	1.60439
黄泉阁	31	433.53777	4.04243	2.63162	4.04243	2.63162
炼药系	31	4580.64548	4.37355	3.02789	4.37355	3.02789
完全消失	31	81.49210	3.91340	2.63941	3.91340	2.63941
这道身影	31	137.89787	3.40408	2.25061	2.25061	3.40408
能量漩涡	31	150.64497	2.83830	2.19724	2.83830	2.19724
只剩下	31	1729.40527	4.19125	3.39270	3.39270	4.19125
一抹欣喜	31	180.39751	2.91351	1.78511	2.91351	1.78511
一天时间	31	107.40403	4.07291	2.08320	4.07291	2.08320
那个老家伙	31	130.30563	4.27292	4.07938	4.27292	4.07938
随我	31	88.43585	4.07615	2.90376	4.07615	2.90376
天涯城	31	18915.78429	3.59819	3.38020	3.59819	3.38020
山顶之上	31	116.13784	3.01342	2.65232	3.01342	2.65232
二阶魔兽	31	1378.97874	3.37907	2.91038	3.37907	2.91038
多加小心	31	2442.55767	3.18552	2.34150	3.18552	2.34150
两年前	31	440.96282	4.41372	3.53036	3.53036	4.41372
艹纵	31	9523.57195	4.16474	4.00227	4.16474	4.00227
恐怕早就	31	129.60455	4.10695	1.90779	1.90779	4.10695
新生队伍	30	402.41232	3.66408	3.63892	3.63892	3.66408
在场所有人	30	396.63952	3.11851	2.23420	2.23420	3.11851
传来一阵	30	123.04494	4.38990	3.50559	3.50559	4.38990
雁落天	30	99536.68750	3.05477	2.19765	2.19765	3.05477
沾上	30	107.86962	3.67291	3.50969	3.67291	3.50969
并未开口	30	98.30784	3.90775	2.73075	2.73075	3.90775
纳兰老爷子	30	1063.14219	3.72323	3.56893	3.72323	3.56893
没半点	30	101.77402	4.34839	3.96001	4.34839	3.96001
为了得到	30	163.25965	4.17356	3.07820	3.07820	4.17356
并未就此	30	655.38560	4.25656	2.91441	2.91441	4.25656
美的脸颊	30	2415.69471	1.93827	1.68322	1.93827	1.68322
激动之色	30	302.92293	3.01592	1.74989	3.01592	1.74989
这般变故	30	99.25691	2.72750	1.63227	2.72750	1.63227
出手相助	30	404.03899	4.50689	3.02807	4.50689	3.02807
北方天际	30	1401.80178	2.46779	2.16550	2.46779	2.16550
学院里	30	500.94480	3.48259	2.89628	2.89628	3.48259
颇难	30	1251.37795	4.00624	3.59742	3.59742	4.00624
闹得	30	213.55985	4.32323	3.23670	4.32323	3.23670
透着许些	30	421.41965	4.84022	2.47647	2.47647	4.84022
四品丹药	30	316.26873	3.76474	3.02628	3.76474	3.02628
将近十分钟	30	1025.82093	2.31638	1.89227	1.89227	2.31638
那魂殿殿主	30	8099.27276	3.54839	2.70689	2.70689	3.54839
阴寒之力	30	12095.59747	2.52399	2.08320	2.08320	2.52399
墙壁上	30	88.96463	3.80291	2.75119	3.80291	2.75119
光芒闪烁	30	178.91824	4.28173	1.89759	4.28173	1.89759
要塞之上	30	96.33554	3.00494	2.73815	2.73815	3.00494
月袍	30	1284.60335	3.33939	1.91517	3.33939	1.91517
搽去	30	113.72887	4.13317	2.22614	4.13317	2.22614
谷中	30	149.50710	4.05656	2.93152	2.93152	4.05656
百米之外	30	741.72711	4.09334	2.11248	4.09334	2.11248
那泛着	30	100.38367	4.61506	4.22807	4.22807	4.61506
比以往	30	229.88960	3.37177	3.23843	3.23843	3.37177
一种极端	30	237.87826	3.46408	3.38108	3.38108	3.46408
妖火本源	30	483.78471	3.64697	3.47809	3.64697	3.47809
惊天大战	30	1477.39912	2.62258	2.38452	2.62258	2.38452
漆黑裂缝	30	126.18715	2.74487	1.56380	2.74487	1.56380
一股极端	30	182.22479	2.78657	2.08320	2.08320	2.78657
王族血脉	30	4666.92161	3.25184	2.20445	3.25184	2.20445
人望着	30	94.10970	2.75258	2.29883	2.29883	2.75258
依靠自己	30	101.06316	4.23140	3.39714	4.23140	3.39714
高阶丹药	30	260.81902	3.10559	2.48173	3.10559	2.48173
缓缓的睁开	30	89.31321	3.30558	1.67377	3.30558	1.67377
那位叫做	30	701.45657	3.57177	3.46346	3.57177	3.46346
承喏	30	13405.61448	2.88202	2.29883	2.29883	2.88202
进入前十	30	564.58700	3.87291	2.39252	3.87291	2.39252
劲气涟漪	30	565.51924	3.34660	1.51312	1.51312	3.34660
毒宗宗主	30	1108.65785	4.18657	3.31560	3.31560	4.18657
脸色变幻	30	130.42072	4.13434	2.69560	4.13434	2.69560
本护法	30	590.22959	4.18990	2.78637	2.78637	4.18990
逼到	30	117.37586	4.21506	3.44774	4.21506	3.44774
密室之中	30	137.06394	2.62451	2.22807	2.62451	2.22807
黄泉指	30	1593.03836	3.26958	2.43342	2.43342	3.26958
山洞之内	30	99.03830	3.11354	2.62011	3.11354	2.62011
脸色涨红	30	259.80636	4.20897	1.92939	4.20897	1.92939
九玄金雷	30	6125.33462	3.10870	2.75258	2.75258	3.10870
地板上	29	87.80965	3.03750	2.42866	3.03750	2.42866
五色丹雷	29	4841.19738	3.45113	3.14796	3.45113	3.14796
远远超出	29	3241.05425	3.14889	2.29792	3.14889	2.29792
穿梭过	29	173.32686	4.32316	3.40517	3.40517	4.32316
奈何不了	29	4265.52972	3.42661	3.34507	3.42661	3.34507
云雾缭绕	29	2703.72456	2.55042	1.89839	2.55042	1.89839
正在迅速	29	85.15707	3.23662	2.65108	2.65108	3.23662
这场战斗	29	476.05083	2.95827	1.51338	2.95827	1.51338
五章 	29	1867.19317	4.85798	3.28523	3.28523	4.85798
感到震撼	29	369.61324	3.42317	2.27123	3.42317	2.27123
更加浓郁	29	231.92704	3.66731	2.31642	3.66731	2.31642
龙鳞	29	3005.27219	3.37455	2.32395	3.37455	2.32395
族内	29	136.60288	4.44419	3.94886	3.94886	4.44419
斗王巅峰	29	231.88512	3.90937	2.40903	3.90937	2.40903
索索发抖	29	52482.98068	3.56454	2.33383	3.56454	2.33383
逊色于	29	1450.89919	4.34919	2.13865	2.13865	4.34919
一道残影	29	89.47361	2.85206	2.80227	2.80227	2.85206
彻底消散	29	110.03560	3.34163	1.97880	3.34163	1.97880
凰轩	29	7422.26163	4.28039	2.75512	2.75512	4.28039
街道之上	29	85.59915	2.85429	2.10579	2.85429	2.10579
属姓	29	2228.68422	3.52938	2.81305	2.81305	3.52938
斗皇阶别	29	8247.32554	2.80248	2.32395	2.80248	2.32395
缓步走向	29	2195.83621	4.62505	3.24987	3.24987	4.62505
凤小姐	29	8702.66120	3.89629	3.18880	3.18880	3.89629
十六章 	29	1931.57914	4.78902	2.49235	2.49235	4.78902
神品血脉	29	5093.46821	3.49213	1.93719	3.49213	1.93719
弥漫开来	29	164.27124	3.92627	1.66991	3.92627	1.66991
大部队	29	595.68982	4.56611	4.08822	4.08822	4.56611
刀疤男子	29	2608.14451	3.82350	2.97809	2.97809	3.82350
眼芒闪烁	29	1743.62062	3.00279	1.56607	3.00279	1.56607
高级半圣	29	895.31885	3.60403	1.87446	3.60403	1.87446
第三更	29	570.62577	3.57262	1.51312	3.57262	1.51312
通体呈	29	2975.64738	4.11626	3.87421	3.87421	4.11626
还手之力	29	2918.39266	2.20647	2.18039	2.20647	2.18039
极高	29	859.92819	1.92362	1.87057	1.92362	1.87057
身后不远处	29	124.01993	4.30626	2.23358	4.30626	2.23358
一道道惊呼	29	473.08602	2.82572	1.59211	2.82572	1.59211
下方广场	29	90.99152	3.72141	2.82282	3.72141	2.82282
最为清楚	29	108.33214	3.73284	2.18742	3.73284	2.18742
天阶功法	29	734.07437	3.50759	2.74548	3.50759	2.74548
塔中修炼	29	299.47590	2.25220	1.91089	2.25220	1.91089
第二曰	29	213.65931	3.03699	2.75341	2.75341	3.03699
古凰血精	29	40265.93112	3.74541	2.99276	3.74541	2.99276
压抑住	29	1231.60061	3.29646	2.85434	2.85434	3.29646
红袍老者	29	1131.29266	3.96143	3.70347	3.70347	3.96143
同时间	28	171.84645	3.69445	1.52797	1.52797	3.69445
猛然睁开	28	112.53981	2.84990	1.51933	2.84990	1.51933
为敌	28	1249.26281	4.18201	2.42083	4.18201	2.42083
本源之火	28	3697.54859	3.30544	2.51032	2.51032	3.30544
响彻不休	28	1374.50677	3.93719	1.63397	3.93719	1.63397
再像	28	185.11842	3.13562	2.95113	2.95113	3.13562
那个神秘	28	109.14110	3.40874	2.49054	3.40874	2.49054
海老先生	28	5665.76914	3.61863	2.07039	2.07039	3.61863
洪水般	28	1115.70346	3.23892	1.62534	1.62534	3.23892
翡翠般的	28	357.99965	4.06611	3.35583	3.35583	4.06611
黑山要塞	28	16897.47480	3.86933	3.68009	3.68009	3.86933
还不如	28	184.15250	4.66450	1.57741	1.57741	4.66450
要不了多久	28	12573.64613	2.13547	1.99064	2.13547	1.99064
提升一星	28	1777.83060	3.92325	2.59307	3.92325	2.59307
紫黑色火焰	28	249.04532	3.02970	2.79120	2.79120	3.02970
化为粉末	28	271.36155	3.99468	1.75534	3.99468	1.75534
那个层次	28	104.93325	3.72291	2.01747	3.72291	2.01747
毒宗强者	28	94.99930	4.09307	3.79790	3.79790	4.09307
不再理会	28	423.04603	4.11058	3.07060	3.07060	4.11058
顺着经脉	28	321.07453	4.01219	3.86576	4.01219	3.86576
不死不休	28	409.71761	3.76381	2.22234	3.76381	2.22234
剧烈波动	28	94.89368	3.61946	2.04931	3.61946	2.04931
转斗尊巅峰	28	3942.04703	2.24780	1.84319	1.84319	2.24780
周遭空间	28	144.22528	3.79284	2.69837	2.69837	3.79284
十一章 	28	1931.57914	4.73593	2.63376	2.63376	4.73593
有些失神	28	115.98568	3.51378	1.71366	3.51378	1.71366
岩浆湖泊	28	955.27926	2.88684	2.09207	2.88684	2.09207
鬼魅般	28	332.11638	2.54653	2.30544	2.30544	2.54653
长眉长老	28	876.03627	2.69070	2.28039	2.69070	2.28039
青衫男子	28	2392.29807	4.13754	2.59491	2.59491	4.13754
慕兰二老	28	4499.28726	3.64559	3.07741	3.07741	3.64559
十分钟左右	28	1206.09740	2.19951	2.01023	2.01023	2.19951
转身离去	28	599.36473	3.86576	2.03867	3.86576	2.03867
仅仅几个	28	222.75891	1.81980	1.68282	1.68282	1.81980
这件事	28	1037.55217	4.08005	2.94644	4.08005	2.94644
轻笑声	28	325.75379	3.19969	2.71438	3.19969	2.71438
其中一人	28	93.81147	3.87878	1.92483	1.92483	3.87878
一名斗者	28	219.77165	3.03366	2.46394	2.46394	3.03366
这般近乎	28	89.45628	4.35182	3.39360	3.39360	4.35182
模糊黑影	28	397.20339	2.90011	2.18130	2.90011	2.18130
黑色骷髅	27	1027.72106	3.01342	2.50936	2.50936	3.01342
深蓝色火焰	27	249.63048	3.45047	3.25366	3.25366	3.45047
虚空雷池	27	1767.06867	3.54759	3.27327	3.27327	3.54759
水属姓	27	3535.15427	3.86930	2.42083	3.86930	2.42083
天石台	27	121.06461	3.41444	3.16136	3.41444	3.16136
嘘唏	27	78754.30220	2.13744	2.10723	2.10723	2.13744
黄衣老者	27	26092.14138	4.28679	3.41830	3.41830	4.28679
泛起许些	27	198.15690	3.77687	3.63397	3.63397	3.77687
玄阶功法	27	588.81721	4.23637	3.46767	4.23637	3.46767
九品丹药	27	213.90246	3.68989	2.99328	3.68989	2.99328
诸位兄弟	27	1269.70557	3.46767	1.66878	1.66878	3.46767
有些恍惚	27	174.18225	3.14807	1.50588	3.14807	1.50588
如雷鸣般	27	1861.18333	3.27281	1.81093	3.27281	1.81093
萧族长	27	1179.49992	3.08750	2.45660	2.45660	3.08750
便动身	27	141.89964	2.87448	2.49490	2.87448	2.49490
月光石	27	9433.92914	2.99174	2.43899	2.99174	2.43899
自指尖	27	351.52997	3.48213	2.98022	2.98022	3.48213
黑色斗篷	27	806.05573	3.40307	3.17603	3.40307	3.17603
俏美的	27	5063.57148	2.76307	1.72476	2.76307	1.72476
中州北域	27	2048.78259	3.89861	3.58416	3.58416	3.89861
黄衣男子	27	1963.28413	4.23637	3.80638	3.80638	4.23637
残破地图	27	3463.40051	3.43971	2.35072	3.43971	2.35072
比起先前	27	104.97190	3.30447	2.20841	2.20841	3.30447
沙漠深处	27	567.16061	3.70435	2.05602	3.70435	2.05602
有些感叹	27	114.24857	3.90231	2.11274	3.90231	2.11274
远古天凰	27	1972.74162	3.63853	3.60602	3.60602	3.63853
远古噬虫	27	5002.30910	3.79238	2.90540	2.90540	3.79238
山脉之外	27	82.95972	3.16047	2.90399	3.16047	2.90399
恐怖高温	27	152.58752	2.90399	2.29303	2.29303	2.90399
青衣老者	27	299.22514	3.37640	3.08359	3.08359	3.37640
并不好	27	127.84808	4.00065	2.91690	4.00065	2.91690
彩色绸缎	27	35390.82222	2.72301	2.62925	2.62925	2.72301
短短几分钟	27	1749.09897	2.35264	1.89972	1.89972	2.35264
十几道人影	27	532.98110	3.09531	2.72125	2.72125	3.09531
雷属姓	27	3535.15427	2.79120	2.12453	2.79120	2.12453
一枚回气丹	27	1579.74426	2.38307	2.33421	2.38307	2.33421
十几道身影	27	419.33072	3.71785	3.05947	3.05947	3.71785
白色雾气	27	546.75884	3.16157	2.65141	2.65141	3.16157
心生	27	1682.90278	4.03230	3.93027	4.03230	3.93027
突破斗皇	27	159.35904	4.20841	2.33421	4.20841	2.33421
一抹狂喜	27	134.77760	3.05059	2.33951	3.05059	2.33951
白曰	27	134.27382	3.97910	3.83804	3.97910	3.83804
变得扭曲	27	86.96730	3.92657	1.75272	3.92657	1.75272
方才稳住	27	242.83822	2.08033	1.62288	2.08033	1.62288
身体内部	27	109.58586	3.29547	2.82240	2.82240	3.29547
尽数消散	27	115.08271	3.06934	1.59933	3.06934	1.59933
当场就	26	83.92000	2.40370	1.97910	2.40370	1.97910
不到十分钟	26	1374.28682	2.72721	1.71294	2.72721	1.71294
银袍男子	26	1851.18303	4.10391	2.42551	2.42551	4.10391
无论如何都	26	126.28477	3.11731	2.39052	3.11731	2.39052
短短几个	26	405.68508	2.15991	1.91830	1.91830	2.15991
吞噬炼化	26	232.21673	3.66760	2.92914	3.66760	2.92914
清脆声音	26	98.38130	2.59042	2.14995	2.14995	2.59042
化为两道	26	88.19250	4.13294	3.06086	3.06086	4.13294
竞技场中	26	86.84136	3.11508	3.07741	3.07741	3.11508
青华老怪	26	28755.04306	4.33468	3.48418	3.48418	4.33468
自掌心中	26	700.96259	3.86930	3.61334	3.61334	3.86930
能看出	26	121.74990	2.97625	2.77202	2.77202	2.97625
高级斗技	26	183.60305	2.93988	1.70438	2.93988	1.70438
这净莲妖火	26	3624.74391	3.52623	1.95094	1.95094	3.52623
森罗鬼尊	26	83820.36842	3.30019	2.38976	2.38976	3.30019
戈剌	26	106172.46667	4.05602	2.69026	2.69026	4.05602
懒得再	26	301.69445	3.74833	2.10974	2.10974	3.74833
死寂之门	26	23962.53588	3.38347	2.31682	3.38347	2.31682
斗灵巅峰	26	389.70807	3.58046	2.77041	3.58046	2.77041
不可小觑	26	2056.07339	2.95006	1.92714	2.95006	1.92714
电光火石	26	37303.83964	2.78443	1.53730	2.78443	1.53730
阴骨老	26	1510.44218	3.18083	2.79031	2.79031	3.18083
骸骨山脉	26	1012.46438	3.68386	3.28386	3.28386	3.68386
大统领	26	256.35203	4.16830	2.37239	2.37239	4.16830
肯定不会	26	161.00060	4.36371	3.39275	3.39275	4.36371
广场边缘	26	405.32768	3.28137	2.14261	3.28137	2.14261
诡异莫测	26	2036.95701	4.36371	1.56545	4.36371	1.56545
西龙王	26	8597.85341	3.36371	2.41389	2.41389	3.36371
艹心	26	765.27061	3.47066	2.58842	3.47066	2.58842
变得越加	26	103.57538	4.25776	3.39275	3.39275	4.25776
不会逊色	26	388.50145	4.10391	2.85022	4.10391	2.85022
跟我来吧	26	329.83847	1.92714	1.67624	1.92714	1.67624
指尖处	26	169.10172	3.42662	1.51926	3.42662	1.51926
划起一抹	26	387.57962	4.05602	2.88655	2.88655	4.05602
一口浊气	26	1460.57362	2.86309	2.15991	2.86309	2.15991
某一个	26	101.25510	3.70527	3.35353	3.35353	3.70527
最喜欢	26	277.45418	4.00813	3.08299	4.00813	3.08299
平台上	26	116.85875	3.20987	2.86928	2.86928	3.20987
能量匹练	26	113.40820	3.00096	2.66734	3.00096	2.66734
一条足有	26	566.98976	3.21470	2.69026	2.69026	3.21470
溅起	26	1146.42806	3.71384	1.76806	1.76806	3.71384
前十	26	735.59294	3.16136	2.94461	3.16136	2.94461
涟漪扩散	26	304.97645	3.11508	2.10974	2.10974	3.11508
实质一般	26	106.96455	2.40715	1.86296	1.86296	2.40715
六阶魔核	26	6627.28265	3.90217	2.79031	3.90217	2.79031
六阶魔兽	26	683.42348	3.73431	3.00606	3.73431	3.00606
达到斗圣	26	122.50850	3.91719	2.37239	3.91719	2.37239
地火莲子	26	29180.59338	3.36371	2.92971	3.36371	2.92971
玉手轻轻	26	142.84770	3.11508	2.94439	2.94439	3.11508
太过担心	26	262.54902	1.87314	1.85429	1.85429	1.87314
半圣傀儡	26	741.26856	3.74833	3.69780	3.74833	3.69780
那净莲妖火	26	3405.06246	3.76334	2.78604	2.78604	3.76334
巨大黑尺	26	549.97393	2.50132	2.49970	2.50132	2.49970
根本难以	26	152.70952	4.36371	2.10974	2.10974	4.36371
一种极度	26	138.54560	3.63692	2.97848	2.97848	3.63692
转身离开	26	125.39429	3.69026	2.34050	3.69026	2.34050
灵魂光团	26	90.28271	3.58219	3.30351	3.58219	3.30351
向远处	26	110.22889	2.08506	1.69114	1.69114	2.08506
略微有点	26	98.23834	4.36371	3.97910	3.97910	4.36371
一年多	26	118.46555	3.84411	2.69026	3.84411	2.69026
萧叔叔	26	11736.75227	4.05602	3.50354	3.50354	4.05602
刚刚接触	26	117.62708	4.13366	1.81758	4.13366	1.81758
先前那道	26	124.22377	4.46967	3.77736	3.77736	4.46967
有些发麻	26	222.42596	3.68642	1.95756	3.68642	1.95756
同样是因为	26	140.51650	3.62352	2.56644	2.56644	3.62352
享受到	26	132.60678	4.20987	3.11508	3.11508	4.20987
七星斗宗	26	447.16266	3.55908	2.91719	3.55908	2.91719
隐隐透着	26	274.72607	2.77202	2.03281	2.03281	2.77202
有些奇怪	26	94.73698	3.86930	2.40715	3.86930	2.40715
吓得	26	211.52595	4.46967	3.52623	3.52623	4.46967
泛着许些	26	287.24523	4.62352	2.06505	2.06505	4.62352
地阶高级	25	1170.05628	2.69302	2.23430	2.69302	2.23430
记忆尤深	25	24115.49061	3.44386	1.60098	3.44386	1.60098
多少年	25	267.44682	2.61210	2.31963	2.61210	2.31963
少有人	25	510.65405	3.04386	2.44943	2.44943	3.04386
成一团	25	207.89813	3.34268	3.29947	3.34268	3.29947
湖泊之中	25	94.23146	2.61151	2.19294	2.61151	2.19294
一大片	25	252.11927	4.05366	3.31508	3.31508	4.05366
三更	25	134.82218	3.41444	2.57536	3.41444	2.57536
来到此处	25	277.18376	4.29366	2.99249	4.29366	2.99249
理会周围	25	108.61945	2.14268	2.00154	2.14268	2.00154
冰河尊者	25	489.96948	4.29366	3.14741	3.14741	4.29366
不好说	25	102.23059	3.05947	2.96888	3.05947	2.96888
轻轻拍了拍	25	178.77764	4.01947	3.37581	3.37581	4.01947
一柄	25	138.78125	4.48386	2.34347	2.34347	4.48386
长老席	25	860.39276	2.33924	2.06291	2.33924	2.06291
这条命	25	144.44133	3.58928	2.62581	3.58928	2.62581
红色液体	25	618.67740	3.85123	3.23508	3.85123	3.23508
再度回复	25	109.92486	3.15508	3.12322	3.12322	3.15508
功法路线	25	584.14406	2.64386	2.26282	2.26282	2.64386
不逊色	25	115.31260	3.44386	3.15508	3.15508	3.44386
我魂殿	25	3012.61161	3.97366	2.08386	2.08386	3.97366
寒铁棍	25	17754.59309	2.96489	2.55151	2.55151	2.96489
玄阶中级	25	2459.97374	3.74928	1.73336	3.74928	1.73336
雪魔天猿	25	49002.67692	4.01947	3.36852	3.36852	4.01947
两者接触	25	448.41143	2.17924	1.66918	1.66918	2.17924
一抹戏谑	25	164.87944	3.29780	2.38928	3.29780	2.38928
万药山脉	25	1926.76515	4.00163	2.64082	4.00163	2.64082
有些忐忑	25	151.35494	4.10347	1.64568	4.10347	1.64568
犹如实质	25	128.98700	4.24386	1.99830	4.24386	1.99830
斗气之翼	25	616.70810	3.02268	2.77151	3.02268	2.77151
火焰柱	25	201.91482	2.91508	2.78242	2.78242	2.91508
可曾	25	197.41607	3.82928	3.07508	3.07508	3.82928
这片大陆	25	81.53165	3.43327	2.44735	3.43327	2.44735
雪魅	25	28087.95414	3.39341	2.28903	2.28903	3.39341
菩提丹	25	472.66470	3.85539	2.63662	3.85539	2.63662
有些幸灾乐祸	25	91.94459	3.82928	1.53947	3.82928	1.53947
究竟是否	25	315.10918	3.86347	3.23508	3.23508	3.86347
黑石碑	25	904.26243	3.25469	3.04145	3.04145	3.25469
泛起一阵	25	144.47356	3.97366	3.18268	3.97366	3.18268
低吼声	25	727.64061	2.91937	1.86438	2.91937	1.86438
几天时间	25	214.80807	3.59327	2.65288	3.59327	2.65288
到哪里	25	82.07316	3.12322	1.78953	3.12322	1.78953
帝品丹药	25	286.08354	2.75508	2.70915	2.75508	2.70915
先把	25	125.66812	4.48386	2.66347	2.66347	4.48386
斗帝层次	25	337.81330	2.99741	1.73620	2.99741	1.73620
五色火焰	25	165.72254	3.12489	2.04945	2.04945	3.12489
我儿子	25	116.60129	4.16386	4.00386	4.16386	4.00386
银色卷轴	25	272.61736	3.17366	2.29972	3.17366	2.29972
变幻成	25	299.00887	3.36749	2.08386	3.36749	2.08386
未曾看见	25	94.94605	3.25366	3.17366	3.17366	3.25366
看台之上	25	292.21780	2.10953	2.08150	2.08150	2.10953
阳光从	25	82.60683	2.63662	2.07174	2.07174	2.63662
更高	25	196.55501	4.24386	2.16154	4.24386	2.16154
星辰之力	25	939.65696	3.31249	3.12489	3.31249	3.12489
转移向	25	216.74220	3.82928	3.26760	3.82928	3.26760
使得自己	25	112.66179	4.37366	3.71908	3.71908	4.37366
黑骷墓	25	6148.98456	3.46423	2.65288	3.46423	2.65288
五星斗宗	25	317.31667	3.67327	3.33869	3.67327	3.33869
能坚持	24	84.90363	3.40311	2.18432	2.18432	3.40311
不会拒绝	24	186.39965	3.11991	1.76175	3.11991	1.76175
相当之大	24	1990.94114	3.02206	1.78416	3.02206	1.78416
血宗少宗主	24	6245.43922	3.16830	3.08233	3.08233	3.16830
这位曾经	24	156.92606	3.08496	3.03416	3.03416	3.08496
攻击范围	24	290.06229	2.64164	2.51103	2.51103	2.64164
吞噬而进	24	334.85556	3.97018	1.61220	3.97018	1.61220
银色闪电	24	195.07734	3.11479	3.09580	3.09580	3.11479
何时出现	24	108.34539	2.05982	1.66251	2.05982	1.66251
三大首领	24	3035.78794	4.05351	2.48426	2.48426	4.05351
一大群人	24	117.39223	3.50163	3.13338	3.13338	3.50163
还真会	24	412.43371	3.31291	2.38376	2.38376	3.31291
小萧潇	24	311.02178	3.19812	2.66667	2.66667	3.19812
雄浑气势	24	241.39250	3.54248	2.79248	3.54248	2.79248
一株药材	24	625.46372	3.41937	3.11749	3.41937	3.11749
这支队伍	24	2755.34083	3.87966	3.76789	3.87966	3.76789
一己之力	24	2994.87467	2.37581	2.29868	2.29868	2.37581
黄袍老者	24	1560.40367	4.01789	2.56003	2.56003	4.01789
青色火苗	24	506.40709	3.04530	2.79248	3.04530	2.79248
那些老生	24	107.42758	3.99060	3.97018	3.97018	3.99060
弥漫着一种	24	241.04997	4.41830	2.68163	2.68163	4.41830
岩浆之底	24	1012.96181	3.34436	2.66606	3.34436	2.66606
再拖延	24	218.33396	3.36749	2.31753	3.36749	2.31753
任何一点	24	82.28298	4.10539	2.72125	2.72125	4.10539
青色液体	24	124.14565	3.70813	3.08430	3.70813	3.08430
透着丝丝	24	2858.68801	4.41830	1.72018	1.72018	4.41830
山坡上	24	153.41456	3.06803	2.71879	2.71879	3.06803
透着一抹	24	118.17603	4.22018	2.49584	2.49584	4.22018
声波斗技	24	494.77150	3.22957	2.73142	3.22957	2.73142
着重尺	24	35805.23466	3.11575	1.60376	3.11575	1.60376
太爷爷	24	1401.87376	3.31291	3.03145	3.03145	3.31291
变得黯淡	24	259.97530	2.91937	1.68190	2.91937	1.68190
足可	24	207.20790	3.68282	2.83272	2.83272	3.68282
音波阵	24	5614.29025	2.78658	2.57166	2.78658	2.57166
怒视着	24	92.66185	3.52206	2.91606	3.52206	2.91606
帝国边境	24	860.79968	3.62165	3.25271	3.25271	3.62165
终于是从	24	123.45057	4.16830	3.01789	3.01789	4.16830
奥巴帕	24	36195.15909	3.65727	3.11459	3.11459	3.65727
自掌心	24	180.17813	3.57393	3.40136	3.40136	3.57393
超级势力	24	402.24673	3.36749	2.94651	3.36749	2.94651
残影浮现	24	205.25343	2.39774	2.37209	2.39774	2.37209
没什么问题	24	462.48239	3.49060	2.18232	3.49060	2.18232
远远比不上	24	835.45548	4.18872	3.68872	3.68872	4.18872
八段斗之气	24	9331.56445	3.49060	2.58583	3.49060	2.58583
极浓	24	1820.44618	4.00163	1.80127	4.00163	1.80127
红裙女子	24	2502.67396	4.00163	2.77839	2.77839	4.00163
回春散	24	9984.87147	2.16389	2.08056	2.16389	2.08056
尚还是	24	121.87971	4.41830	3.48470	3.48470	4.41830
山洞内	24	124.10696	3.00271	2.45284	2.45284	3.00271
彻底炼化	24	111.70301	3.72018	2.41309	3.72018	2.41309
邙天尺	24	106172.46667	4.22018	3.24060	3.24060	4.22018
中透着	24	92.66185	3.49060	3.12165	3.12165	3.49060
变得淡化	24	550.09266	3.05351	1.76349	3.05351	1.76349
平原之上	24	96.73417	3.30729	1.91389	3.30729	1.91389
老牌势力	24	1329.64893	2.51103	2.49722	2.51103	2.49722
加玛皇室	24	392.77070	3.56803	3.40136	3.40136	3.56803
山脉深处	24	189.71226	2.90786	2.63376	2.90786	2.63376
少族长	24	500.39390	3.39624	2.66606	2.66606	3.39624
缓步走进	23	982.84099	3.58835	3.15422	3.15422	3.58835
黑白天尊	23	3534.47204	3.72510	3.44726	3.44726	3.72510
黄泉之底	23	1674.60630	3.49524	3.20337	3.20337	3.49524
空间屏障	23	251.26217	3.38436	2.20604	3.38436	2.20604
玄阶低级	23	2362.81251	3.41444	2.09697	3.41444	2.09697
那个小子	23	91.48593	3.96900	3.46858	3.96900	3.46858
无形之火	23	1191.78464	3.63041	2.58023	3.63041	2.58023
能量炸响	23	132.17110	2.28079	2.06577	2.06577	2.28079
已经快要	23	190.40973	4.01879	3.84488	4.01879	3.84488
那望向	23	1663.76731	2.65315	2.56619	2.56619	2.65315
完全由	23	137.50380	4.11009	4.08878	4.11009	4.08878
化形丹	23	4908.80474	3.70813	3.07642	3.70813	3.07642
大斗师级别	23	373.19920	3.67097	2.15329	3.67097	2.15329
磅礴气息	23	101.53455	2.25810	2.06266	2.06266	2.25810
两人对视	23	86.18503	2.89542	1.51039	2.89542	1.51039
少不了一番	23	3255.95564	4.22987	2.03213	2.03213	4.22987
欲转身	23	341.10603	3.44726	2.54053	2.54053	3.44726
山洞内部	23	968.20197	2.97532	2.96096	2.96096	2.97532
佛克兰	23	17052.84032	3.51837	3.32314	3.32314	3.51837
算是彻底	23	99.79703	3.28850	2.86905	3.28850	2.86905
噗噗	23	3582.52247	2.33957	1.88925	2.33957	1.88925
高阶斗技	23	381.78797	3.02229	2.11909	3.02229	2.11909
顺着喉咙	23	348.19579	3.07743	2.15272	2.15272	3.07743
这个混蛋	23	146.22293	3.41444	2.84837	2.84837	3.41444
地阶低级	23	2450.78958	3.74095	2.05426	3.74095	2.05426
黑色雾气	23	238.22206	3.58219	3.57262	3.57262	3.58219
急速涌动	23	238.47564	3.37546	1.53422	3.37546	1.53422
闷哼声	23	14587.61489	2.61416	1.65400	2.61416	1.65400
半月时间	23	329.37237	3.26184	2.66232	3.26184	2.66232
中州大陆	23	100.10686	3.46858	2.64696	2.64696	3.46858
尽数驱逐	23	401.76702	3.17054	1.64445	3.17054	1.64445
视线转向	23	114.04771	4.14291	2.70294	2.70294	4.14291
溢出一抹	23	362.73477	3.46423	2.34505	2.34505	3.46423
十大强者	23	573.38866	3.00097	1.97881	1.97881	3.00097
琳菲	23	138485.82609	2.99229	1.68430	1.68430	2.99229
这具身体	23	230.26560	3.58835	3.07925	3.58835	3.07925
彩裙女子	23	3933.36923	4.22987	2.61719	2.61719	4.22987
半圣层次	23	309.69775	3.14206	1.64872	3.14206	1.64872
雅妃小姐	23	294.78823	2.66578	2.66232	2.66578	2.66232
虽然比不上	23	125.68993	4.43661	3.76227	3.76227	4.43661
躲避开	23	1328.16639	3.74424	3.19620	3.74424	3.19620
每个人	23	101.25080	3.46858	2.57536	3.46858	2.57536
一下子便是	23	97.70994	3.84488	3.39313	3.39313	3.84488
斗圣层次	23	169.08785	2.15272	2.10605	2.15272	2.10605
势力首领	23	307.87173	3.28316	3.20771	3.20771	3.28316
斗王阶别的	23	5998.44444	4.34965	2.98947	4.34965	2.98947
毒蛇般的	23	196.04743	4.34965	2.05274	2.05274	4.34965
尺身之上	23	203.66695	2.03213	1.95330	1.95330	2.03213
不是第一次	23	95.47137	3.29032	2.97966	2.97966	3.29032
密林之中	23	101.99169	3.36804	2.14838	3.36804	2.14838
大平原	23	273.69149	3.39081	1.50239	1.50239	3.39081
毒蛇般	23	488.78437	3.32748	1.97559	3.32748	1.97559
那魂天帝	23	1004.75919	4.31683	2.90533	2.90533	4.31683
总不能	23	683.63492	4.22987	2.45558	2.45558	4.22987
不懂	23	263.78538	3.76227	3.58219	3.58219	3.76227
不仅未曾	23	97.76209	3.81640	2.65315	2.65315	3.81640
众长老	23	289.59561	3.11459	2.85856	2.85856	3.11459
白衣青年	23	331.39573	3.67531	3.44644	3.44644	3.67531
浑圆丹药	23	549.89343	2.04945	1.99931	1.99931	2.04945
竟然还敢	23	407.67391	4.26269	2.99481	2.99481	4.26269
沸腾起来	23	124.78007	3.55553	1.79901	3.55553	1.79901
金色光芒	23	158.82917	3.38436	3.06662	3.38436	3.06662
毁灭之力	23	151.05728	2.76858	1.79901	2.76858	1.79901
将会成为	23	115.23059	4.34965	3.08793	3.08793	4.34965
犹如火山	23	249.08539	2.98947	2.26018	2.98947	2.26018
动手炼制	23	82.89290	4.08878	3.84488	4.08878	3.84488
不耐	23	406.66912	2.90251	2.13832	2.90251	2.13832
万药斋	23	56527.00772	3.48008	3.14923	3.48008	3.14923
急速旋转	22	206.72209	4.36852	2.32789	4.36852	2.32789
天蝎子	22	509.07988	2.97095	2.67674	2.97095	2.67674
短短三年	22	343.27199	2.46324	2.38436	2.46324	2.38436
旋转速度	22	120.57745	2.88992	2.60694	2.60694	2.88992
休息一下	22	203.15671	3.53377	1.84008	3.53377	1.84008
赶去	22	206.78920	3.73216	2.10541	3.73216	2.10541
突破至斗宗	22	5035.84822	4.06148	2.57262	4.06148	2.57262
第一变	22	781.48960	2.06148	1.91969	2.06148	1.91969
水晶台上	22	1682.12175	3.45656	1.57951	3.45656	1.57951
轻挑	22	953.69683	2.98641	1.94756	2.98641	1.94756
有些变色	22	125.47106	2.65899	1.52897	2.65899	1.52897
兽吼	22	1067.77539	2.81045	2.67674	2.81045	2.67674
掠过些许	22	242.77241	4.00489	2.69785	2.69785	4.00489
执意要	22	343.32413	3.97057	3.78875	3.78875	3.97057
有些庆幸	22	109.58864	3.62468	2.05326	3.62468	2.05326
两名斗尊	22	189.60600	3.69785	1.88538	3.69785	1.88538
还要更加	22	371.80756	3.56618	2.72972	2.72972	3.56618
雷池深处	22	1627.50437	2.90370	1.82044	2.90370	1.82044
天地异象	22	1221.77752	3.82307	1.81664	3.82307	1.81664
犹如蜘蛛网	22	523.12640	2.26939	1.67429	2.26939	1.67429
生灵之焱	22	66232.35161	2.90869	2.26113	2.90869	2.26113
铁佣兵团	22	846.60901	3.75444	3.62468	3.75444	3.62468
玄黄要塞	22	13276.58734	3.26606	3.16096	3.16096	3.26606
周围天地间	22	127.05467	3.13392	2.94756	2.94756	3.13392
不曾具备	22	3101.57252	2.28338	1.97629	1.97629	2.28338
炸响声	22	24163.38897	2.18190	1.63881	1.63881	2.18190
黄阶高级	22	2481.71937	3.69785	2.58288	3.69785	2.58288
能打败	22	89.22579	4.15239	3.53831	3.53831	4.15239
逼出	22	95.22971	4.16589	3.33210	4.16589	3.33210
一条命	22	1004.49868	3.09580	1.67293	3.09580	1.67293
能量团	22	227.56415	3.02304	2.97057	2.97057	3.02304
只有不到	22	159.39056	4.27761	2.86119	2.86119	4.27761
身着一套	22	2050.74124	3.87966	3.09580	3.09580	3.87966
一些高阶	22	86.65490	4.06148	2.36675	4.06148	2.36675
怎会	22	112.64748	4.29708	1.94566	1.94566	4.29708
没兴趣	22	261.21998	4.02717	2.76765	4.02717	2.76765
撕裂开	22	759.63260	3.39081	2.82234	3.39081	2.82234
一脸错愕	22	447.75895	3.17467	1.90576	3.17467	1.90576
副殿	22	198.47794	2.50400	2.06148	2.06148	2.50400
搽拭	22	17597.64641	3.78418	2.54961	3.78418	2.54961
暂避锋芒	22	96520.42424	2.69448	1.77028	2.69448	1.77028
危险姓	22	219.07998	2.76469	2.19696	2.76469	2.19696
十倍不止	22	19935.65519	3.06148	2.27130	3.06148	2.27130
地黄精	22	2008.07623	3.55852	3.33210	3.33210	3.55852
滔天斗气	22	108.54063	3.39081	1.94566	1.94566	3.39081
领头者	22	983.07840	2.74800	2.54790	2.74800	2.54790
金帝焚天炎	22	116789.71333	3.40370	3.23686	3.23686	3.40370
三人联手	22	179.03791	2.72472	2.41309	2.72472	2.41309
既然大家	22	364.54066	2.63881	1.79901	1.79901	2.63881
蛇形魔兽	22	1183.45963	2.66353	2.18190	2.18190	2.66353
开口说话	22	279.13411	3.78875	1.87515	3.78875	1.87515
得干干净净	22	195.76320	3.07174	1.63881	3.07174	1.63881
一名佣兵	22	91.78743	4.15239	3.04037	3.04037	4.15239
三大帝国	22	266.13481	3.78875	3.43994	3.43994	3.78875
闪过些许	22	323.20684	4.45943	2.45765	2.45765	4.45943
拼尽全力	22	11506.37570	4.00489	1.87466	4.00489	1.87466
未有丝毫	22	769.90670	3.82307	3.25914	3.25914	3.82307
紫黑	22	450.92553	2.55415	1.63862	1.63862	2.55415
再度恢复	22	97.35397	3.35649	2.63881	3.35649	2.63881
拍卖台上	22	704.76247	3.50689	1.96577	3.50689	1.96577
院落之中	22	102.58600	2.43874	1.81826	2.43874	1.81826
闪过许些	22	103.32538	4.27761	2.58847	2.58847	4.27761
不能轻易	22	142.95471	3.44740	3.26104	3.26104	3.44740
宗派势力	22	438.78415	2.91779	2.85856	2.91779	2.85856
居然还敢	22	543.46074	3.87966	1.83332	1.83332	3.87966
这么容易	22	155.05804	3.44286	3.25914	3.25914	3.44286
缓缓停止	22	101.96532	2.11110	1.54402	2.11110	1.54402
透着一分	22	1124.38349	3.97057	2.36675	2.36675	3.97057
斗师级别	22	585.94077	3.29990	2.42268	3.29990	2.42268
整片山脉	22	531.93830	2.26939	2.14036	2.14036	2.26939
瞬间凝固	22	135.01857	3.08377	1.77234	3.08377	1.77234
不了多久	22	1140.98881	2.58288	2.56926	2.58288	2.56926
不算太过	22	561.60151	4.18670	1.67293	1.67293	4.18670
找不到	22	248.10516	4.15239	3.60694	3.60694	4.15239
古圣城	22	2484.00666	3.56808	3.45853	3.45853	3.56808
自眉心	21	306.55307	3.00568	2.94439	2.94439	3.00568
斗晶之中	21	110.44803	3.11828	2.54986	3.11828	2.54986
那慕骨老人	21	3007.71860	3.59447	2.87951	2.87951	3.59447
陡然响彻	21	84.28021	2.48569	1.87636	2.48569	1.87636
一道凄厉	21	81.24082	2.87449	2.35381	2.87449	2.35381
晋入半圣	21	829.31813	3.91613	1.86758	3.91613	1.86758
药星极	21	12535.35495	3.42733	2.97084	2.97084	3.42733
实在太	21	121.10687	3.33210	2.71212	3.33210	2.71212
一道倩影	21	90.11194	4.07066	2.35319	2.35319	4.07066
奥托大师	21	905.57727	3.48418	3.36804	3.36804	3.48418
静等	21	292.48613	2.68418	2.52075	2.68418	2.52075
这炼药师	21	1398.52501	3.51782	2.39631	3.51782	2.39631
恢复巅峰	21	265.33009	3.68970	1.71664	3.68970	1.71664
斗宗级别	21	119.59266	3.55376	2.19928	3.55376	2.19928
抵御住	21	940.76869	3.97542	3.24946	3.24946	3.97542
一座城市	21	454.68462	3.43994	3.36329	3.36329	3.43994
整个内院	21	123.72422	3.30370	1.67524	3.30370	1.67524
灰紫色	21	663.15686	2.69662	2.15329	2.69662	2.15329
帝国东部	21	913.45498	2.74806	2.25857	2.74806	2.25857
柔和笑容	21	262.94777	2.41566	1.77991	2.41566	1.77991
无数岁月	21	494.48255	3.00568	1.97665	3.00568	1.97665
别想	21	120.85064	3.88018	1.64644	1.64644	3.88018
房间之外	21	92.74685	2.87996	2.52949	2.87996	2.52949
能量巨蛇	21	167.09256	3.15422	3.13487	3.13487	3.15422
能量冲击波	21	422.37285	2.81045	2.21924	2.21924	2.81045
龙凰血脉	21	1039.45072	3.36804	2.71212	3.36804	2.71212
缓缓蠕动	21	83.65599	3.36129	2.29831	3.36129	2.29831
悄然蔓延	21	229.02524	3.55852	2.18367	3.55852	2.18367
掩嘴	21	1985.00323	2.35381	2.25761	2.25761	2.35381
迎上	21	97.43062	3.06497	2.09546	3.06497	2.09546
锦袍女子	21	1264.55533	3.72565	2.86032	2.86032	3.72565
下一任	21	284.12115	3.36329	3.00369	3.00369	3.36329
高阶魔兽	21	315.42622	3.26606	3.00568	3.26606	3.00568
噬咬	21	2524.48120	3.59447	2.26096	3.59447	2.26096
嘴角溢出	21	1128.52245	3.24946	1.62538	3.24946	1.62538
将近大半	21	786.46272	2.12995	1.60168	1.60168	2.12995
一脸惊愕	21	319.14505	2.24853	1.57235	2.24853	1.57235
今天晚上	21	1788.84933	3.91613	2.65772	2.65772	3.91613
将近一半	21	786.46272	2.29046	2.24853	2.24853	2.29046
第一次遇见	21	245.76960	3.48418	3.17281	3.17281	3.48418
两人间	21	7607.89968	3.44145	2.00633	3.44145	2.00633
重伤状态	21	350.92260	3.65376	1.73321	3.65376	1.73321
疯狂旋转	21	235.76251	3.78418	1.91997	3.78418	1.91997
空间封锁	21	161.83418	3.23686	3.13487	3.23686	3.13487
攀爬上	21	113.97544	3.26606	3.04163	3.04163	3.26606
有些慌乱	21	88.86000	3.78494	1.74644	3.78494	1.74644
惹来	21	133.15945	3.55852	3.36129	3.55852	3.36129
混元塑骨丹	21	144780.63636	2.56096	1.93321	1.93321	2.56096
法犸会长	21	1953.52377	2.74806	2.61688	2.61688	2.74806
不顺眼	21	278.47994	4.16589	2.38976	4.16589	2.38976
不适合	21	110.01677	4.20184	2.80735	2.80735	4.20184
得一塌糊涂	21	259.98591	2.10157	1.53321	2.10157	1.53321
尖鸣声	21	32344.61025	2.10157	1.81664	1.81664	2.10157
那张清秀	21	109.82890	3.23686	1.77991	3.23686	1.77991
我天妖凰族	21	8823.19668	3.65376	3.23011	3.65376	3.23011
以后者	21	399.00175	2.38570	2.25857	2.25857	2.38570
正常情况	21	703.43949	2.21924	1.96282	2.21924	1.96282
渲染得	21	103.09786	3.82089	3.08233	3.82089	3.08233
干枯手掌	21	115.52065	3.36804	3.13935	3.13935	3.36804
痛苦之色	21	518.53278	2.96498	1.89092	2.96498	1.89092
破解封印	21	1438.09456	3.82089	2.16847	3.82089	2.16847
两位老者	21	98.70023	3.24946	2.62273	2.62273	3.24946
金色巨人	21	1571.63191	2.93854	2.43901	2.43901	2.93854
摧枯拉朽般的	21	511.42807	3.68970	3.46328	3.46328	3.68970
如何才能	21	288.09089	4.20184	3.97542	3.97542	4.20184
紫色液体	21	230.40900	3.10567	2.68402	3.10567	2.68402
这冰河谷	21	7806.79902	4.20184	3.27280	3.27280	4.20184
试试能否	21	1266.25500	3.65376	3.49923	3.49923	3.65376
三大势力	21	247.83397	3.55852	2.87951	3.55852	2.87951
五曰	21	115.23884	2.99662	2.42640	2.99662	2.42640
潜力值	21	10668.04689	3.07558	1.87515	3.07558	1.87515
学员们	21	728.63458	3.42733	2.24853	2.24853	3.42733
一团团	21	302.54312	3.65376	2.69546	2.69546	3.65376
负面情绪	21	8975.93317	2.48879	1.81664	2.48879	1.81664
始终难以	21	288.58558	3.74899	2.11734	2.11734	3.74899
漆黑灰烬	21	448.55589	2.67727	2.12799	2.67727	2.12799
什么差错	21	271.82333	2.08548	1.93272	1.93272	2.08548
六章 	21	1843.78009	4.39232	3.23686	3.23686	4.39232
灵魂残印	20	902.82710	3.00311	2.93935	2.93935	3.00311
九品宝丹	20	15705.98619	3.30869	2.53586	3.30869	2.53586
莽荒古域	20	71018.37235	3.72161	2.39047	2.39047	3.72161
有些发白	20	262.34857	3.04644	1.88338	3.04644	1.88338
半曰	20	312.03793	3.58418	2.49546	3.58418	2.49546
想要获得	20	202.49684	4.12193	2.17095	2.17095	4.12193
七彩光影	20	872.59064	3.44644	3.30272	3.30272	3.44644
七天时间	20	477.35126	2.96096	1.91924	2.96096	1.91924
拼起来	20	108.50441	2.46096	1.57890	2.46096	1.57890
血腥之味	20	6054.88832	2.24929	2.07849	2.24929	2.07849
从来没有	20	298.57834	3.40370	3.10370	3.10370	3.40370
天尊面色	20	90.39570	3.23935	1.57890	1.57890	3.23935
宗主之位	20	1452.42772	3.54644	2.14402	3.54644	2.14402
这九幽黄泉	20	4708.31338	3.08418	2.92322	2.92322	3.08418
嗤啦	20	1403.93344	2.46507	2.39208	2.39208	2.46507
cha手	20	3547.35939	3.82193	2.92821	3.82193	2.92821
红润小嘴	20	5322.81751	3.30056	2.55772	3.30056	2.55772
这个年轻人	20	80.86764	2.79546	2.66096	2.66096	2.79546
移向	20	758.95301	4.12193	2.44145	2.44145	4.12193
能够做到	20	109.38774	3.50370	2.90161	3.50370	2.90161
灵魂音波	20	98.13338	2.81533	1.77321	1.77321	2.81533
焚决功法	20	301.60062	3.33935	2.14644	3.33935	2.14644
三个小时	20	687.75687	3.34644	2.43321	3.34644	2.43321
达到五星	20	181.51984	2.01904	1.97095	1.97095	2.01904
一种名为	20	147.96594	3.24644	2.41924	3.24644	2.41924
大斗师左右	20	304.83780	3.44644	2.46387	3.44644	2.46387
那团黑雾	20	625.05868	2.82193	2.80869	2.80869	2.82193
不太清楚	20	254.94445	3.02193	3.00370	3.00370	3.02193
闪掠过	20	402.16843	3.88418	3.54145	3.88418	3.54145
极多	20	150.04588	3.12193	1.68048	3.12193	1.68048
致命般的	20	215.33813	3.34644	3.02821	3.34644	3.02821
正在急速	20	126.48388	3.13935	2.49613	2.49613	3.13935
星界之中	20	102.79795	2.66450	2.31924	2.66450	2.31924
这才短短	20	217.55687	3.58418	1.92322	1.92322	3.58418
想要干什么	20	284.54297	2.08050	1.78548	1.78548	2.08050
树干之上	20	87.22919	2.18150	1.71664	2.18150	1.71664
两月	20	368.19841	3.64644	2.68418	2.68418	3.64644
大门之外	20	154.70721	3.42193	2.13535	3.42193	2.13535
众位长老	20	469.30514	3.24145	3.06596	3.06596	3.24145
黑色卷轴	20	100.49833	3.13935	2.55773	2.55773	3.13935
远远比	20	97.77971	4.12193	2.31498	2.31498	4.12193
流露出一抹	20	473.13231	4.12193	3.32193	3.32193	4.12193
吹拂而	20	85.37097	2.92193	2.28338	2.92193	2.28338
狰狞之色	20	128.87511	3.24145	2.14402	3.24145	2.14402
取到	20	84.00429	3.88418	2.64644	2.64644	3.88418
胡长老	20	543.40595	4.12193	2.80004	2.80004	4.12193
炼药天赋	20	193.97428	3.34644	2.31924	2.31924	3.34644
磐门成员	20	1650.00725	3.72193	3.40370	3.72193	3.40370
究竟能否	20	302.91140	4.22193	2.88418	2.88418	4.22193
兽吼声	20	943.61546	3.10869	2.92193	3.10869	2.92193
更像是	20	686.82997	3.98418	1.55678	1.55678	3.98418
未曾有过	20	631.22751	3.42193	2.87951	3.42193	2.87951
另外一只	20	266.75382	2.92322	2.65772	2.65772	2.92322
并不乏	20	225.15951	2.41924	1.59546	1.59546	2.41924
龙皇大人	20	4423.85278	3.50370	3.42193	3.42193	3.50370
古河大师	20	373.77433	3.34145	3.10161	3.34145	3.10161
懒得理会	20	1504.71183	3.04644	2.55772	3.04644	2.55772
金色液体	20	211.18763	3.38418	3.13935	3.38418	3.13935
三大巨头	20	4283.45078	3.82193	3.30370	3.30370	3.82193
蓝色身影	20	238.61841	3.92193	3.13291	3.13291	3.92193
蒸发成	20	659.79099	3.68418	2.02322	3.68418	2.02322
涟漪波动	20	127.93019	2.18150	1.64375	2.18150	1.64375
仅仅不到	20	141.19806	3.22193	2.55218	2.55218	3.22193
佣兵队伍	20	378.97083	2.32322	2.31924	2.31924	2.32322
两道残影	20	453.85779	2.56387	2.56096	2.56387	2.56096
有些疲惫	20	80.31079	3.78418	2.07724	3.78418	2.07724
还不足以	20	171.84738	3.84644	1.57890	1.57890	3.84644
奥巴帕顿	20	36195.15909	3.82193	2.42821	2.42821	3.82193
裔民	20	120650.53030	1.97095	1.83321	1.83321	1.97095
背后火翼	20	1345.48811	3.03935	1.62822	1.62822	3.03935
够资格	20	968.03501	3.84644	3.82193	3.82193	3.84644
进入气旋	20	83.19161	2.44644	2.17095	2.17095	2.44644
提起这个	20	156.72022	2.77178	2.01924	2.77178	2.01924
这位老先生	20	229.40089	2.89546	2.88418	2.88418	2.89546
广场上空	20	204.01108	2.21924	1.99484	1.99484	2.21924
如此容易	20	91.81293	3.88418	2.68418	3.88418	2.68418
